symbol,parent_ticker,base_override,qdi_flag,structure,coupon_type,status,exclude_reason,note,source
AAIN,AAIC,,no,PREFERRED,FIXED,EXCLUDED,NO_PRICE_FEED,seeded: no price on the EZE feed,prefsTEST.xlsx 2026-08-21
ABR-D,ABR,,no,PREFERRED,FIXED,TRADEABLE,,,prefsTEST.xlsx 2026-08-21
ABR-E,ABR,,no,PREFERRED,FIXED,TRADEABLE,,,prefsTEST.xlsx 2026-08-21
ABR-F,ABR,,no,PREFERRED,FIXED,TRADEABLE,,,prefsTEST.xlsx 2026-08-21
ACGLN,ACGL,,yes,PREFERRED,FIXED,TRADEABLE,,,prefsTEST.xlsx 2026-08-21
ACGLO,ACGL,,yes,PREFERRED,FIXED,TRADEABLE,,,prefsTEST.xlsx 2026-08-21
ACP-A,ACP,,yes,PREFERRED,FIXED,TRADEABLE,,,prefsTEST.xlsx 2026-08-21
ACR-C,ACR,,yes,PREFERRED,FIXED,TRADEABLE,,,prefsTEST.xlsx 2026-08-21
ACR-D,ACR,,yes,PREFERRED,FIXED,TRADEABLE,,,prefsTEST.xlsx 2026-08-21
ADC-A,ADC,,no,PREFERRED,FIXED,TRADEABLE,,,prefsTEST.xlsx 2026-08-21
AEFC,AEG,,no,BABY_BOND,FIXED,TRADEABLE,,,prefsTEST.xlsx 2026-08-21
AEL-A,AEL,,yes,PREFERRED,FIX_TO_FLOAT,EXCLUDED,NO_PRICE_FEED,seeded: no price on the EZE feed,prefsTEST.xlsx 2026-08-21
AESC,AES,,no,PREFERRED,MAND_CONVERT,EXCLUDED,NO_PRICE_FEED,seeded: no price on the EZE feed,prefsTEST.xlsx 2026-08-21
AFFS,AFG,,no,BABY_BOND,FIXED,TRADEABLE,,,prefsTEST.xlsx 2026-08-21
AFFT,AFG,,no,BABY_BOND,FIXED,TRADEABLE,,,prefsTEST.xlsx 2026-08-21
AFGB,AFG,,no,BABY_BOND,FIXED,TRADEABLE,,,prefsTEST.xlsx 2026-08-21
AFGC,AFG,,no,BABY_BOND,FIXED,TRADEABLE,,,prefsTEST.xlsx 2026-08-21
AFGD,AFG,,no,BABY_BOND,FIXED,TRADEABLE,,,prefsTEST.xlsx 2026-08-21
AFGE,AFG,,no,BABY_BOND,FIXED,TRADEABLE,,,prefsTEST.xlsx 2026-08-21
AFSIA,AFG,,yes,PREFERRED,FIXED,TRADEABLE,,,prefsTEST.xlsx 2026-08-21
AFSIB,AFG,,yes,PREFERRED,FIXED,TRADEABLE,,,prefsTEST.xlsx 2026-08-21
AFSIC,AFG,,yes,PREFERRED,FIXED,TRADEABLE,,,prefsTEST.xlsx 2026-08-21
AFSIM,AFG,,yes,PREFERRED,FIXED,TRADEABLE,,,prefsTEST.xlsx 2026-08-21
AFSIN,AFG,,yes,PREFERRED,FIXED,TRADEABLE,,,prefsTEST.xlsx 2026-08-21
AFSIP,AFG,,yes,PREFERRED,FIXED,TRADEABLE,,,prefsTEST.xlsx 2026-08-21
AGM-C,AGM,,yes,PREFERRED,FIXED,EXCLUDED,NO_PRICE_FEED,seeded: no price on the EZE feed,prefsTEST.xlsx 2026-08-21
AGM-D,AGM,,yes,PREFERRED,FIXED,TRADEABLE,,,prefsTEST.xlsx 2026-08-21
AGM-E,AGM,,yes,PREFERRED,FIXED,TRADEABLE,,,prefsTEST.xlsx 2026-08-21
AGM-F,AGM,,yes,PREFERRED,FIXED,TRADEABLE,,,prefsTEST.xlsx 2026-08-21
AGM-G,AGM,,yes,PREFERRED,FIXED,TRADEABLE,,,prefsTEST.xlsx 2026-08-21
AGNCL,AGNC,,no,PREFERRED,FIX_TO_FLOAT,TRADEABLE,,,prefsTEST.xlsx 2026-08-21
AGNCM,AGNC,,no,PREFERRED,FIX_TO_FLOAT,TRADEABLE,,,prefsTEST.xlsx 2026-08-21
AGNCN,AGNC,,no,PREFERRED,FIXED,TRADEABLE,,,prefsTEST.xlsx 2026-08-21
AGNCO,AGNC,,no,PREFERRED,FIX_TO_FLOAT,TRADEABLE,,,prefsTEST.xlsx 2026-08-21
AGNCP,AGNC,,no,PREFERRED,FIX_TO_FLOAT,TRADEABLE,,,prefsTEST.xlsx 2026-08-21
AHH-A,AHH,,no,PREFERRED,FIXED,EXCLUDED,NO_PRICE_FEED,seeded: no price on the EZE feed,prefsTEST.xlsx 2026-08-21
AHL-C,APO,,yes,PREFERRED,FIXED,EXCLUDED,NO_PRICE_FEED,seeded: no price on the EZE feed,prefsTEST.xlsx 2026-08-21
AHL-D,APO,,yes,PREFERRED,FIXED,TRADEABLE,,,prefsTEST.xlsx 2026-08-21
AHL-E,APO,,yes,PREFERRED,FIXED,TRADEABLE,,,prefsTEST.xlsx 2026-08-21
AHT-D,AHT,0.085,no,PREFERRED,FIXED,TRADEABLE,,,prefsTEST.xlsx 2026-08-21
AHT-F,AHT,0.085,no,PREFERRED,FIXED,TRADEABLE,,,prefsTEST.xlsx 2026-08-21
AHT-G,AHT,0.085,no,PREFERRED,FIXED,TRADEABLE,,,prefsTEST.xlsx 2026-08-21
AHT-H,AHT,0.085,no,PREFERRED,FIXED,TRADEABLE,,,prefsTEST.xlsx 2026-08-21
AHT-I,AHT,0.085,no,PREFERRED,FIXED,TRADEABLE,,,prefsTEST.xlsx 2026-08-21
AIG-A,AIG,,yes,PREFERRED,FIXED,EXCLUDED,NO_PRICE_FEED,seeded: no price on the EZE feed,prefsTEST.xlsx 2026-08-21
AILIH,AEE,,yes,PREFERRED,FIXED,TRADEABLE,,,prefsTEST.xlsx 2026-08-21
AILIM,AEE,,yes,PREFERRED,FIXED,TRADEABLE,,,prefsTEST.xlsx 2026-08-21
AILIN,AEE,,yes,PREFERRED,FIXED,TRADEABLE,,,prefsTEST.xlsx 2026-08-21
AILIO,AEE,,yes,PREFERRED,FIXED,TRADEABLE,,,prefsTEST.xlsx 2026-08-21
AILIP,AEE,,yes,PREFERRED,FIXED,TRADEABLE,,,prefsTEST.xlsx 2026-08-21
AILLI,AEE,,yes,PREFERRED,FIXED,TRADEABLE,,,prefsTEST.xlsx 2026-08-21
AILLM,AEE,,yes,PREFERRED,FIXED,TRADEABLE,,,prefsTEST.xlsx 2026-08-21
AILLN,AEE,,yes,PREFERRED,FIXED,TRADEABLE,,,prefsTEST.xlsx 2026-08-21
AILLO,AEE,,yes,PREFERRED,FIXED,TRADEABLE,,,prefsTEST.xlsx 2026-08-21
AILLP,AEE,,yes,PREFERRED,FIXED,TRADEABLE,,,prefsTEST.xlsx 2026-08-21
AIRTP,AIRT,,no,TRUPS,FIXED,TRADEABLE,,,prefsTEST.xlsx 2026-08-21
AIZN,AIZ,,no,BABY_BOND,FIXED,TRADEABLE,,,prefsTEST.xlsx 2026-08-21
AJXA,AJX,,no,BABY_BOND,FIXED,EXCLUDED,NO_PRICE_FEED,seeded: no price on the EZE feed,prefsTEST.xlsx 2026-08-21
AL-A,AL,,yes,PREFERRED,FIX_TO_FLOAT,EXCLUDED,NO_PRICE_FEED,seeded: no price on the EZE feed,prefsTEST.xlsx 2026-08-21
ALL-B,ALL,,no,BABY_BOND,FIXED,TRADEABLE,,,prefsTEST.xlsx 2026-08-21
ALL-H,ALL,,yes,PREFERRED,FIXED,TRADEABLE,,,prefsTEST.xlsx 2026-08-21
ALL-I,ALL,,yes,PREFERRED,FIXED,TRADEABLE,,,prefsTEST.xlsx 2026-08-21
ALL-J,ALL,,yes,PREFERRED,FIXED,TRADEABLE,,,prefsTEST.xlsx 2026-08-21
ALTG-A,ALTG,,yes,PREFERRED,FIXED,TRADEABLE,,,prefsTEST.xlsx 2026-08-21
AMH-G,AMH,,no,PREFERRED,FIXED,TRADEABLE,,,prefsTEST.xlsx 2026-08-21
AMH-H,AMH,,no,PREFERRED,FIXED,TRADEABLE,,,prefsTEST.xlsx 2026-08-21
APO-A,APO,,yes,PREFERRED,MAND_CONVERT,EXCLUDED,NO_PRICE_FEED,seeded: no price on the EZE feed,prefsTEST.xlsx 2026-08-21
APOS,APO,,no,BABY_BOND,FIXED,TRADEABLE,,,prefsTEST.xlsx 2026-08-21
AQNA,AQN,,no,BABY_BOND,FIX_TO_FLOAT,EXCLUDED,NO_PRICE_FEED,seeded: no price on the EZE feed,prefsTEST.xlsx 2026-08-21
AQNB,AQN,,no,BABY_BOND,FIX_TO_FLOAT,TRADEABLE,,,prefsTEST.xlsx 2026-08-21
AQNU,AQN,,no,PREFERRED,MAND_CONVERT,EXCLUDED,NO_PRICE_FEED,seeded: no price on the EZE feed,prefsTEST.xlsx 2026-08-21
ARBKL,ARBK,,no,BABY_BOND,FIXED,EXCLUDED,NO_PRICE_FEED,seeded: no price on the EZE feed,prefsTEST.xlsx 2026-08-21
ARGD,ARGO,,no,BABY_BOND,FIXED,EXCLUDED,NO_PRICE_FEED,seeded: no price on the EZE feed,prefsTEST.xlsx 2026-08-21
ARR-C,ARR,,no,PREFERRED,FIXED,TRADEABLE,,,prefsTEST.xlsx 2026-08-21
ASB-E,ASB,,yes,PREFERRED,FIXED,TRADEABLE,,,prefsTEST.xlsx 2026-08-21
ASB-F,ASB,,yes,PREFERRED,FIXED,TRADEABLE,,,prefsTEST.xlsx 2026-08-21
ASBA,ASB,,no,BABY_BOND,FIXED,TRADEABLE,,,prefsTEST.xlsx 2026-08-21
ATCO-D,ATCO,,no,PREFERRED,FIXED,EXCLUDED,NO_PRICE_FEED,seeded: no price on the EZE feed,prefsTEST.xlsx 2026-08-21
ATCO-H,ATCO,,no,PREFERRED,FIXED,EXCLUDED,NO_PRICE_FEED,seeded: no price on the EZE feed,prefsTEST.xlsx 2026-08-21
ATCO-I,ATCO,,no,PREFERRED,FIXED,EXCLUDED,NO_PRICE_FEED,seeded: no price on the EZE feed,prefsTEST.xlsx 2026-08-21
ATCOL,ATCO,,no,BABY_BOND,FIXED,EXCLUDED,NO_PRICE_FEED,seeded: no price on the EZE feed,prefsTEST.xlsx 2026-08-21
ATH-A,APO,,yes,PREFERRED,FIX_TO_FLOAT,TRADEABLE,,,prefsTEST.xlsx 2026-08-21
ATH-B,APO,,yes,PREFERRED,FIXED,TRADEABLE,,,prefsTEST.xlsx 2026-08-21
ATH-C,APO,,yes,PREFERRED,RESET,EXCLUDED,NO_PRICE_FEED,seeded: no price on the EZE feed,prefsTEST.xlsx 2026-08-21
ATH-D,APO,,yes,PREFERRED,FIXED,TRADEABLE,,,prefsTEST.xlsx 2026-08-21
ATH-E,APO,,yes,PREFERRED,FIX_TO_FLOAT,TRADEABLE,,,prefsTEST.xlsx 2026-08-21
ATLCL,ATLC,,no,BABY_BOND,FIXED,TRADEABLE,,,prefsTEST.xlsx 2026-08-21
ATLCP,ATLC,,yes,PREFERRED,FIXED,TRADEABLE,,,prefsTEST.xlsx 2026-08-21
AUB-A,AUB,,yes,PREFERRED,FIXED,TRADEABLE,,,prefsTEST.xlsx 2026-08-21
AULT-D,AULT,,no,PREFERRED,FIXED,EXCLUDED,NO_PRICE_FEED,seeded: no price on the EZE feed,prefsTEST.xlsx 2026-08-21
AUVIP,AUVI,,yes,PREFERRED,FIXED,TRADEABLE,,,prefsTEST.xlsx 2026-08-21
AXS-E,AXS,,yes,PREFERRED,FIXED,TRADEABLE,,,prefsTEST.xlsx 2026-08-21
BAC-B,BAC,,yes,PREFERRED,FIXED,TRADEABLE,,,prefsTEST.xlsx 2026-08-21
BAC-E,BAC,,yes,PREFERRED,FLOATER,EXCLUDED,TRUE_FLOATER,,prefsTEST.xlsx 2026-08-21
BAC-K,BAC,,yes,PREFERRED,FIXED,TRADEABLE,,,prefsTEST.xlsx 2026-08-21
BAC-L,BAC,,yes,TRUPS,FIXED,TRADEABLE,,,prefsTEST.xlsx 2026-08-21
BAC-M,BAC,,yes,PREFERRED,FIXED,TRADEABLE,,,prefsTEST.xlsx 2026-08-21
BAC-N,BAC,,yes,PREFERRED,FIXED,TRADEABLE,,,prefsTEST.xlsx 2026-08-21
BAC-O,BAC,,yes,PREFERRED,FIXED,TRADEABLE,,,prefsTEST.xlsx 2026-08-21
BAC-P,BAC,,yes,PREFERRED,FIXED,TRADEABLE,,,prefsTEST.xlsx 2026-08-21
BAC-Q,BAC,,yes,PREFERRED,FIXED,TRADEABLE,,,prefsTEST.xlsx 2026-08-21
BAC-S,BAC,,yes,PREFERRED,FIXED,TRADEABLE,,,prefsTEST.xlsx 2026-08-21
BACRP,BAC,,yes,PREFERRED,FIXED,TRADEABLE,,,prefsTEST.xlsx 2026-08-21
BANFP,BANF,,no,TRUPS,FIXED,TRADEABLE,,,prefsTEST.xlsx 2026-08-21
BC-A,BC,,no,BABY_BOND,FIXED,EXCLUDED,NO_PRICE_FEED,seeded: no price on the EZE feed,prefsTEST.xlsx 2026-08-21
BC-B,BC,,no,BABY_BOND,FIXED,EXCLUDED,NO_PRICE_FEED,seeded: no price on the EZE feed,prefsTEST.xlsx 2026-08-21
BC-C,BC,,no,BABY_BOND,FIXED,TRADEABLE,,,prefsTEST.xlsx 2026-08-21
BCV-A,BCV,,yes,PREFERRED,FIXED,TRADEABLE,,,prefsTEST.xlsx 2026-08-21
BEP-A,BEP,,yes,PREFERRED,FIXED,TRADEABLE,,,prefsTEST.xlsx 2026-08-21
BEPH,BEP,,no,BABY_BOND,FIXED,TRADEABLE,,,prefsTEST.xlsx 2026-08-21
BEPI,BEP,,yes,BABY_BOND,FIXED,TRADEABLE,,,prefsTEST.xlsx 2026-08-21
BFS-D,BFS,,no,PREFERRED,FIXED,TRADEABLE,,,prefsTEST.xlsx 2026-08-21
BFS-E,BFS,,no,PREFERRED,FIXED,TRADEABLE,,,prefsTEST.xlsx 2026-08-21
BHFAL,BHF,,no,BABY_BOND,FIXED,TRADEABLE,,,prefsTEST.xlsx 2026-08-21
BHFAM,BHF,,yes,PREFERRED,MAND_CONVERT,TRADEABLE,,,prefsTEST.xlsx 2026-08-21
BHFAN,BHF,,yes,PREFERRED,FIXED,TRADEABLE,,,prefsTEST.xlsx 2026-08-21
BHFAO,BHF,,yes,PREFERRED,FIXED,TRADEABLE,,,prefsTEST.xlsx 2026-08-21
BHFAP,BHF,,yes,PREFERRED,FIXED,TRADEABLE,,,prefsTEST.xlsx 2026-08-21
BHR-B,BHR,,no,PREFERRED,CONVERTIBLE,TRADEABLE,,,prefsTEST.xlsx 2026-08-21
BHR-D,BHR,,no,PREFERRED,FIXED,TRADEABLE,,,prefsTEST.xlsx 2026-08-21
BIP-A,BIP,,no,PREFERRED,FIXED,TRADEABLE,,,prefsTEST.xlsx 2026-08-21
BIP-B,BIP,,no,PREFERRED,FIXED,TRADEABLE,,,prefsTEST.xlsx 2026-08-21
BIPH,BIP,,no,PREFERRED,FIXED,TRADEABLE,,,prefsTEST.xlsx 2026-08-21
BIPI,BIP,,yes,PREFERRED,FIXED,TRADEABLE,,,prefsTEST.xlsx 2026-08-21
BKAAF,BN,,no,PREFERRED,FIXED,EXCLUDED,NON_US,,prefsTEST.xlsx 2026-08-21
BML-G,BAC,,yes,PREFERRED,FLOATER,EXCLUDED,TRUE_FLOATER,,prefsTEST.xlsx 2026-08-21
BML-H,BAC,,yes,PREFERRED,FLOATER,EXCLUDED,TRUE_FLOATER,,prefsTEST.xlsx 2026-08-21
BML-J,BAC,,yes,PREFERRED,FLOATER,EXCLUDED,TRUE_FLOATER,,prefsTEST.xlsx 2026-08-21
BML-L,BAC,,yes,PREFERRED,FLOATER,EXCLUDED,TRUE_FLOATER,,prefsTEST.xlsx 2026-08-21
BMYMP,BMY,,yes,PREFERRED,FIXED,EXCLUDED,NO_PRICE_FEED,seeded: no price on the EZE feed,prefsTEST.xlsx 2026-08-21
BNH,BN,,no,BABY_BOND,FIXED,TRADEABLE,,,prefsTEST.xlsx 2026-08-21
BNJ,BN,,no,BABY_BOND,FIXED,TRADEABLE,,,prefsTEST.xlsx 2026-08-21
BOH-A,BOH,,yes,PREFERRED,FIXED,TRADEABLE,,,prefsTEST.xlsx 2026-08-21
BPOPM,BPOP,,no,TRUPS,FIXED,TRADEABLE,,,prefsTEST.xlsx 2026-08-21
BPOPO,BPOP,,yes,PREFERRED,FIXED,TRADEABLE,,,prefsTEST.xlsx 2026-08-21
BPYPM,BN,,no,PREFERRED,FIXED,TRADEABLE,,,prefsTEST.xlsx 2026-08-21
BPYPN,BPY,,no,PREFERRED,FIXED,TRADEABLE,,,prefsTEST.xlsx 2026-08-21
BPYPO,BPY,,no,PREFERRED,FIXED,TRADEABLE,,,prefsTEST.xlsx 2026-08-21
BPYPP,BPY,,no,PREFERRED,FIXED,TRADEABLE,,,prefsTEST.xlsx 2026-08-21
BROXF,BN,,no,PREFERRED,FIXED,EXCLUDED,NON_US,,prefsTEST.xlsx 2026-08-21
BW-A,BW,,yes,PREFERRED,FIXED,TRADEABLE,,,prefsTEST.xlsx 2026-08-21
BWBBP,BWB,,yes,PREFERRED,FIXED,TRADEABLE,,,prefsTEST.xlsx 2026-08-21
BWNB,BW,,no,BABY_BOND,FIXED,EXCLUDED,NO_PRICE_FEED,seeded: no price on the EZE feed,prefsTEST.xlsx 2026-08-21
BWSN,BW,,no,BABY_BOND,FIXED,EXCLUDED,NO_PRICE_FEED,seeded: no price on the EZE feed,prefsTEST.xlsx 2026-08-21
C-J,C,0.075,yes,PREFERRED,FIXED,EXCLUDED,NO_PRICE_FEED,seeded: no price on the EZE feed,prefsTEST.xlsx 2026-08-21
C-K,C,0.075,yes,PREFERRED,FIXED,EXCLUDED,NO_PRICE_FEED,seeded: no price on the EZE feed,prefsTEST.xlsx 2026-08-21
C-N,C,0.075,no,PREFERRED,FIXED,TRADEABLE,,,prefsTEST.xlsx 2026-08-21
CADE-A,CADE,,yes,PREFERRED,MAND_CONVERT,EXCLUDED,NO_PRICE_FEED,seeded: no price on the EZE feed,prefsTEST.xlsx 2026-08-21
CCLDO,CCLD,,yes,PREFERRED,FIXED,EXCLUDED,NO_PRICE_FEED,seeded: no price on the EZE feed,prefsTEST.xlsx 2026-08-21
CCLDP,CCLD,,yes,PREFERRED,FIXED,EXCLUDED,NO_PRICE_FEED,seeded: no price on the EZE feed,prefsTEST.xlsx 2026-08-21
CCNEP,CCNE,,yes,PREFERRED,FIXED,TRADEABLE,,,prefsTEST.xlsx 2026-08-21
CDR-B,CDR,,no,PREFERRED,FIXED,TRADEABLE,,,prefsTEST.xlsx 2026-08-21
CDR-C,CDR,,no,PREFERRED,FIXED,TRADEABLE,,,prefsTEST.xlsx 2026-08-21
CDZIP,CDZI,,yes,PREFERRED,FIXED,TRADEABLE,,,prefsTEST.xlsx 2026-08-21
CEQP-,CEQP,,no,PREFERRED,CONVERTIBLE,EXCLUDED,NO_PRICE_FEED,seeded: no price on the EZE feed,prefsTEST.xlsx 2026-08-21
CETXP,CETX,,yes,PREFERRED,FIXED,TRADEABLE,,,prefsTEST.xlsx 2026-08-21
CFG-D,CFG,,yes,PREFERRED,FIX_TO_FLOAT,EXCLUDED,NO_PRICE_FEED,seeded: no price on the EZE feed,prefsTEST.xlsx 2026-08-21
CFG-E,CFG,,yes,PREFERRED,FIXED,TRADEABLE,,,prefsTEST.xlsx 2026-08-21
CFR-B,CFR,,yes,PREFERRED,FIXED,TRADEABLE,,,prefsTEST.xlsx 2026-08-21
CGABL,CG,,no,PREFERRED,FIXED,TRADEABLE,,,prefsTEST.xlsx 2026-08-21
CHMI-A,CHMI,,no,PREFERRED,FIXED,TRADEABLE,,,prefsTEST.xlsx 2026-08-21
CHMI-B,CHMI,,no,PREFERRED,FIX_TO_FLOAT,TRADEABLE,,,prefsTEST.xlsx 2026-08-21
CHRB,CHRA,,no,PREFERRED,FIXED,TRADEABLE,,,prefsTEST.xlsx 2026-08-21
CHSCL,CHRA,,yes,PREFERRED,FIXED,TRADEABLE,,,prefsTEST.xlsx 2026-08-21
CHSCM,CHRA,,yes,PREFERRED,FIXED,TRADEABLE,,,prefsTEST.xlsx 2026-08-21
CHSCN,CHRA,,yes,PREFERRED,FIXED,TRADEABLE,,,prefsTEST.xlsx 2026-08-21
CHSCO,CHRA,,yes,PREFERRED,FIXED,TRADEABLE,,,prefsTEST.xlsx 2026-08-21
CHSCP,CHRA,,yes,PREFERRED,FIXED,TRADEABLE,,,prefsTEST.xlsx 2026-08-21
CIM-A,CIM,,no,PREFERRED,FIXED,TRADEABLE,,,prefsTEST.xlsx 2026-08-21
CIM-B,CIM,,no,PREFERRED,FIX_TO_FLOAT,TRADEABLE,,,prefsTEST.xlsx 2026-08-21
CIM-C,CIM,,no,PREFERRED,FIX_TO_FLOAT,TRADEABLE,,,prefsTEST.xlsx 2026-08-21
CIM-D,CIM,,no,PREFERRED,FIX_TO_FLOAT,TRADEABLE,,,prefsTEST.xlsx 2026-08-21
CIO-A,CIO,,no,PREFERRED,FIXED,EXCLUDED,NO_PRICE_FEED,seeded: no price on the EZE feed,prefsTEST.xlsx 2026-08-21
CKNQP,CNO,,yes,PREFERRED,FIX_TO_FLOAT,EXCLUDED,NO_PRICE_FEED,seeded: no price on the EZE feed,prefsTEST.xlsx 2026-08-21
CLDT-A,CLDT,,no,PREFERRED,FIXED,TRADEABLE,,,prefsTEST.xlsx 2026-08-21
CLVT-A,CLVT,,no,PREFERRED,MAND_CONVERT,EXCLUDED,NO_PRICE_FEED,seeded: no price on the EZE feed,prefsTEST.xlsx 2026-08-21
CMRE-B,CMRE,,yes,PREFERRED,FIXED,TRADEABLE,,,prefsTEST.xlsx 2026-08-21
CMRE-C,CMRE,,yes,PREFERRED,FIXED,TRADEABLE,,,prefsTEST.xlsx 2026-08-21
CMRE-D,CMRE,,yes,PREFERRED,FIXED,TRADEABLE,,,prefsTEST.xlsx 2026-08-21
CMRE-E,CMRE,,yes,PREFERRED,FIXED,EXCLUDED,NO_PRICE_FEED,seeded: no price on the EZE feed,prefsTEST.xlsx 2026-08-21
CMS-B,CMS,,yes,PREFERRED,FIXED,TRADEABLE,,,prefsTEST.xlsx 2026-08-21
CMS-C,CMS,,yes,PREFERRED,FIXED,TRADEABLE,,,prefsTEST.xlsx 2026-08-21
CMSA,CMS,,no,BABY_BOND,FIXED,TRADEABLE,,,prefsTEST.xlsx 2026-08-21
CMSC,CMS,,no,BABY_BOND,FIXED,TRADEABLE,,,prefsTEST.xlsx 2026-08-21
CMSD,CMS,,no,BABY_BOND,FIXED,TRADEABLE,,,prefsTEST.xlsx 2026-08-21
CNFRL,CNFR,,no,BABY_BOND,FIXED,EXCLUDED,NO_PRICE_FEED,seeded: no price on the EZE feed,prefsTEST.xlsx 2026-08-21
CNFRZ,CNFR,,no,BABY_BOND,FIXED,EXCLUDED,NO_PRICE_FEED,seeded: no price on the EZE feed,prefsTEST.xlsx 2026-08-21
CNLHN,ES,,yes,PREFERRED,FIXED,TRADEABLE,,,prefsTEST.xlsx 2026-08-21
CNLHO,ES,,yes,PREFERRED,FIXED,TRADEABLE,,,prefsTEST.xlsx 2026-08-21
CNLHP,ES,,yes,PREFERRED,FIXED,TRADEABLE,,,prefsTEST.xlsx 2026-08-21
CNLPL,ES,,yes,PREFERRED,FIXED,TRADEABLE,,,prefsTEST.xlsx 2026-08-21
CNLPM,ES,,yes,PREFERRED,FIXED,TRADEABLE,,,prefsTEST.xlsx 2026-08-21
CNLTL,ES,,yes,PREFERRED,FIXED,TRADEABLE,,,prefsTEST.xlsx 2026-08-21
CNLTN,ES,,yes,PREFERRED,FIXED,TRADEABLE,,,prefsTEST.xlsx 2026-08-21
CNLTP,ES,,yes,PREFERRED,FIXED,TRADEABLE,,,prefsTEST.xlsx 2026-08-21
CNO-A,CNO,,no,BABY_BOND,FIXED,TRADEABLE,,,prefsTEST.xlsx 2026-08-21
CNPWM,ES,,yes,PREFERRED,FIXED,TRADEABLE,,,prefsTEST.xlsx 2026-08-21
CNPWP,ES,,yes,PREFERRED,FIXED,TRADEABLE,,,prefsTEST.xlsx 2026-08-21
CNTHN,ES,,yes,PREFERRED,FIXED,TRADEABLE,,,prefsTEST.xlsx 2026-08-21
CNTHO,ES,,yes,PREFERRED,FIXED,TRADEABLE,,,prefsTEST.xlsx 2026-08-21
CNTHP,ES,,yes,PREFERRED,FIXED,TRADEABLE,,,prefsTEST.xlsx 2026-08-21
CODI-A,CODI,,no,PREFERRED,FIXED,TRADEABLE,,,prefsTEST.xlsx 2026-08-21
CODI-B,CODI,,no,PREFERRED,FIX_TO_FLOAT,TRADEABLE,,,prefsTEST.xlsx 2026-08-21
CODI-C,CODI,,no,PREFERRED,FIXED,TRADEABLE,,,prefsTEST.xlsx 2026-08-21
COF-I,COF,,yes,PREFERRED,FIXED,TRADEABLE,,,prefsTEST.xlsx 2026-08-21
COF-J,COF,,yes,PREFERRED,FIXED,TRADEABLE,,,prefsTEST.xlsx 2026-08-21
COF-K,COF,,yes,PREFERRED,FIXED,TRADEABLE,,,prefsTEST.xlsx 2026-08-21
COF-L,COF,,yes,PREFERRED,FIXED,TRADEABLE,,,prefsTEST.xlsx 2026-08-21
COF-N,COF,,yes,PREFERRED,FIXED,TRADEABLE,,,prefsTEST.xlsx 2026-08-21
COMSP,COMS,,yes,PREFERRED,FIXED,TRADEABLE,,,prefsTEST.xlsx 2026-08-21
CORR-A,CORR,,no,PREFERRED,FIXED,EXCLUDED,NO_PRICE_FEED,seeded: no price on the EZE feed,prefsTEST.xlsx 2026-08-21
CSR-C,CSR,,no,PREFERRED,FIXED,EXCLUDED,NO_PRICE_FEED,seeded: no price on the EZE feed,prefsTEST.xlsx 2026-08-21
CSSEN,CSSE,,yes,PREFERRED,FIXED,EXCLUDED,NO_PRICE_FEED,seeded: no price on the EZE feed,prefsTEST.xlsx 2026-08-21
CSSEP,CSSE,,yes,PREFERRED,FIXED,EXCLUDED,NO_PRICE_FEED,seeded: no price on the EZE feed,prefsTEST.xlsx 2026-08-21
CSWCZ,CSWC,,no,BABY_BOND,FIXED,EXCLUDED,NO_PRICE_FEED,seeded: no price on the EZE feed,prefsTEST.xlsx 2026-08-21
CTA-A,CTVA,,yes,PREFERRED,FIXED,TRADEABLE,,,prefsTEST.xlsx 2026-08-21
CTA-B,CTVA,,yes,PREFERRED,FIXED,TRADEABLE,,,prefsTEST.xlsx 2026-08-21
CTBB,LUMN,,no,BABY_BOND,FIXED,EXCLUDED,NO_PRICE_FEED,seeded: no price on the EZE feed,prefsTEST.xlsx 2026-08-21
CTDD,LUMN,,no,BABY_BOND,FIXED,EXCLUDED,NO_PRICE_FEED,seeded: no price on the EZE feed,prefsTEST.xlsx 2026-08-21
CTGSP,AGR,,yes,PREFERRED,FIXED,TRADEABLE,,,prefsTEST.xlsx 2026-08-21
CTLPP,CTLP,,yes,PREFERRED,CONVERTIBLE,EXCLUDED,NO_PRICE_FEED,seeded: no price on the EZE feed,prefsTEST.xlsx 2026-08-21
CTO-A,CTO,,no,PREFERRED,FIXED,TRADEABLE,,,prefsTEST.xlsx 2026-08-21
CUBB,CUBI,,no,BABY_BOND,FIXED,TRADEABLE,,,prefsTEST.xlsx 2026-08-21
CUBI-E,CUBI,,yes,PREFERRED,FIXED,EXCLUDED,NO_PRICE_FEED,seeded: no price on the EZE feed,prefsTEST.xlsx 2026-08-21
CUBI-F,CUBI,,yes,PREFERRED,FIXED,EXCLUDED,NO_PRICE_FEED,seeded: no price on the EZE feed,prefsTEST.xlsx 2026-08-21
CUTLF,CADE,,no,PREFERRED,FIXED,TRADEABLE,,,prefsTEST.xlsx 2026-08-21
CYCCP,CYCC,,no,PREFERRED,FIXED,EXCLUDED,NO_PRICE_FEED,seeded: no price on the EZE feed,prefsTEST.xlsx 2026-08-21
DBRG-H,DBRG,,no,PREFERRED,FIXED,TRADEABLE,,,prefsTEST.xlsx 2026-08-21
DBRG-I,DBRG,,no,PREFERRED,FIXED,TRADEABLE,,,prefsTEST.xlsx 2026-08-21
DBRG-J,DBRG,,no,PREFERRED,FIXED,TRADEABLE,,,prefsTEST.xlsx 2026-08-21
DCOMP,DCOM,,yes,PREFERRED,FIXED,EXCLUDED,NO_PRICE_FEED,seeded: no price on the EZE feed,prefsTEST.xlsx 2026-08-21
DCP-C,DCP,,no,PREFERRED,FIX_TO_FLOAT,EXCLUDED,NO_PRICE_FEED,seeded: no price on the EZE feed,prefsTEST.xlsx 2026-08-21
DDT,DDS,,no,TRUPS,FIXED,TRADEABLE,,,prefsTEST.xlsx 2026-08-21
DHCNI,DHC,,no,BABY_BOND,FIXED,TRADEABLE,,,prefsTEST.xlsx 2026-08-21
DHCNL,DHC,,no,BABY_BOND,FIXED,TRADEABLE,,,prefsTEST.xlsx 2026-08-21
DLNG-A,DLNG,,yes,PREFERRED,FIXED,TRADEABLE,,,prefsTEST.xlsx 2026-08-21
DLNG-B,DLNG,,yes,PREFERRED,FIX_TO_FLOAT,EXCLUDED,NO_PRICE_FEED,seeded: no price on the EZE feed,prefsTEST.xlsx 2026-08-21
DLR-J,DLR,,no,PREFERRED,FIXED,TRADEABLE,,,prefsTEST.xlsx 2026-08-21
DLR-K,DLR,,no,PREFERRED,FIXED,TRADEABLE,,,prefsTEST.xlsx 2026-08-21
DLR-L,DLR,,no,PREFERRED,FIXED,TRADEABLE,,,prefsTEST.xlsx 2026-08-21
DRH-A,DRH,,no,PREFERRED,FIXED,EXCLUDED,NO_PRICE_FEED,seeded: no price on the EZE feed,prefsTEST.xlsx 2026-08-21
DSHKN,DSHK,,no,PREFERRED,FIXED,EXCLUDED,NO_PRICE_FEED,seeded: no price on the EZE feed,prefsTEST.xlsx 2026-08-21
DSHKO,DSHK,,no,PREFERRED,FIXED,EXCLUDED,NO_PRICE_FEED,seeded: no price on the EZE feed,prefsTEST.xlsx 2026-08-21
DSHKP,DSHK,,no,PREFERRED,FIXED,EXCLUDED,NO_PRICE_FEED,seeded: no price on the EZE feed,prefsTEST.xlsx 2026-08-21
DSX-B,DSX,,yes,PREFERRED,FIXED,TRADEABLE,,,prefsTEST.xlsx 2026-08-21
DTB,DTE,,no,BABY_BOND,FIXED,TRADEABLE,,,prefsTEST.xlsx 2026-08-21
DTG,DTE,,no,BABY_BOND,FIXED,TRADEABLE,,,prefsTEST.xlsx 2026-08-21
DTLA-,BPY,,no,PREFERRED,FIXED,TRADEABLE,,,prefsTEST.xlsx 2026-08-21
DTW,DTE,,no,BABY_BOND,FIXED,TRADEABLE,,,prefsTEST.xlsx 2026-08-21
DUK-A,DUK,,no,BABY_BOND,FIXED,TRADEABLE,,,prefsTEST.xlsx 2026-08-21
DUKB,DUK,,no,BABY_BOND,FIXED,TRADEABLE,,,prefsTEST.xlsx 2026-08-21
DX-C,DX,,no,PREFERRED,FIX_TO_FLOAT,TRADEABLE,,,prefsTEST.xlsx 2026-08-21
EAI,ETR,,no,BABY_BOND,FIXED,TRADEABLE,,,prefsTEST.xlsx 2026-08-21
ECC-D,ECC,,no,PREFERRED,FIXED,TRADEABLE,,,prefsTEST.xlsx 2026-08-21
ECCC,ECC,,no,PREFERRED,FIXED,TRADEABLE,,,prefsTEST.xlsx 2026-08-21
ECCV,ECC,,no,PREFERRED,FIXED,TRADEABLE,,,prefsTEST.xlsx 2026-08-21
ECCW,ECC,,no,BABY_BOND,FIXED,EXCLUDED,NO_PRICE_FEED,seeded: no price on the EZE feed,prefsTEST.xlsx 2026-08-21
ECCX,ECC,,no,BABY_BOND,FIXED,EXCLUDED,NO_PRICE_FEED,seeded: no price on the EZE feed,prefsTEST.xlsx 2026-08-21
ECF-A,ECF,,yes,PREFERRED,FIXED,TRADEABLE,,,prefsTEST.xlsx 2026-08-21
EFC-A,EFC,,no,PREFERRED,FIX_TO_FLOAT,EXCLUDED,NO_PRICE_FEED,seeded: no price on the EZE feed,prefsTEST.xlsx 2026-08-21
EFC-B,EFC,,no,PREFERRED,FIX_TO_FLOAT,TRADEABLE,,,prefsTEST.xlsx 2026-08-21
EFC-C,EFC,,no,PREFERRED,FIXED,TRADEABLE,,,prefsTEST.xlsx 2026-08-21
EFSCP,EFSC,,yes,PREFERRED,FIXED,TRADEABLE,,,prefsTEST.xlsx 2026-08-21
EICA,EIC,,yes,PREFERRED,FIXED,TRADEABLE,,,prefsTEST.xlsx 2026-08-21
EICB,EIC,,yes,PREFERRED,FIXED,EXCLUDED,NO_PRICE_FEED,seeded: no price on the EZE feed,prefsTEST.xlsx 2026-08-21
ELC,ETR,,no,BABY_BOND,FIXED,TRADEABLE,,,prefsTEST.xlsx 2026-08-21
EMP,ETR,,no,BABY_BOND,FIXED,TRADEABLE,,,prefsTEST.xlsx 2026-08-21
ENJ,ETR,,no,BABY_BOND,FIXED,TRADEABLE,,,prefsTEST.xlsx 2026-08-21
ENO,ETR,,no,BABY_BOND,FIXED,TRADEABLE,,,prefsTEST.xlsx 2026-08-21
EP-C,KMI,,no,PREFERRED,CONVERTIBLE,TRADEABLE,,,prefsTEST.xlsx 2026-08-21
EPR-C,EPR,,no,PREFERRED,FIXED,TRADEABLE,,,prefsTEST.xlsx 2026-08-21
EPR-E,EPR,,no,PREFERRED,FIXED,TRADEABLE,,,prefsTEST.xlsx 2026-08-21
EPR-G,EPR,,no,PREFERRED,FIXED,TRADEABLE,,,prefsTEST.xlsx 2026-08-21
EQC-D,EQC,,no,PREFERRED,CONVERTIBLE,EXCLUDED,NO_PRICE_FEED,seeded: no price on the EZE feed,prefsTEST.xlsx 2026-08-21
EQH-A,EQH,,yes,PREFERRED,FIXED,TRADEABLE,,,prefsTEST.xlsx 2026-08-21
EQH-C,EQH,,yes,PREFERRED,FIXED,TRADEABLE,,,prefsTEST.xlsx 2026-08-21
ESGRO,ESGR,,yes,PREFERRED,FIXED,EXCLUDED,NO_PRICE_FEED,seeded: no price on the EZE feed,prefsTEST.xlsx 2026-08-21
ESGRP,ESGR,,yes,PREFERRED,FIX_TO_FLOAT,EXCLUDED,NO_PRICE_FEED,seeded: no price on the EZE feed,prefsTEST.xlsx 2026-08-21
ET-C,ET,,no,PREFERRED,FIX_TO_FLOAT,EXCLUDED,NO_PRICE_FEED,seeded: no price on the EZE feed,prefsTEST.xlsx 2026-08-21
ET-D,ET,,no,PREFERRED,FIX_TO_FLOAT,EXCLUDED,NO_PRICE_FEED,seeded: no price on the EZE feed,prefsTEST.xlsx 2026-08-21
ET-E,ET,,no,PREFERRED,FIX_TO_FLOAT,EXCLUDED,NO_PRICE_FEED,seeded: no price on the EZE feed,prefsTEST.xlsx 2026-08-21
ETI-,ETR,,yes,PREFERRED,FIXED,TRADEABLE,,,prefsTEST.xlsx 2026-08-21
F-B,F,,no,BABY_BOND,FIXED,TRADEABLE,,,prefsTEST.xlsx 2026-08-21
F-C,F,,no,BABY_BOND,FIXED,TRADEABLE,,,prefsTEST.xlsx 2026-08-21
F-D,F,,no,BABY_BOND,FIXED,TRADEABLE,,,prefsTEST.xlsx 2026-08-21
FATBP,FAT,,yes,PREFERRED,FIXED,EXCLUDED,NO_PRICE_FEED,seeded: no price on the EZE feed,prefsTEST.xlsx 2026-08-21
FBIOP,FBIO,,yes,PREFERRED,FIXED,TRADEABLE,,,prefsTEST.xlsx 2026-08-21
FBRT-E,FBRT,,yes,PREFERRED,FIXED,TRADEABLE,,,prefsTEST.xlsx 2026-08-21
FCNCO,FCNCA,,yes,PREFERRED,FIXED,TRADEABLE,,,prefsTEST.xlsx 2026-08-21
FCNCP,FCNCA,,yes,PREFERRED,FIXED,TRADEABLE,,,prefsTEST.xlsx 2026-08-21
FGBIP,FBGI,,yes,PREFERRED,FIXED,TRADEABLE,,,prefsTEST.xlsx 2026-08-21
FGFPP,FGF,,yes,PREFERRED,FIXED,EXCLUDED,NO_PRICE_FEED,seeded: no price on the EZE feed,prefsTEST.xlsx 2026-08-21
FHN-E,FHN,,yes,PREFERRED,FIXED,TRADEABLE,,,prefsTEST.xlsx 2026-08-21
FHN-F,FHN,,yes,PREFERRED,FIXED,TRADEABLE,,,prefsTEST.xlsx 2026-08-21
FITB-I,FITB,,yes,PREFERRED,FIX_TO_FLOAT,TRADEABLE,,,prefsTEST.xlsx 2026-08-21
FMCCH,FMCC,,yes,PREFERRED,FIXED,TRADEABLE,,,prefsTEST.xlsx 2026-08-21
FMCCK,FMCC,,yes,PREFERRED,FIXED,TRADEABLE,,,prefsTEST.xlsx 2026-08-21
FMCCM,FMCC,,yes,PREFERRED,FIXED,TRADEABLE,,,prefsTEST.xlsx 2026-08-21
FMCCN,FMCC,,yes,PREFERRED,FIXED,TRADEABLE,,,prefsTEST.xlsx 2026-08-21
FMCCO,FMCC,,yes,PREFERRED,FIXED,TRADEABLE,,,prefsTEST.xlsx 2026-08-21
FMCCP,FMCC,,yes,PREFERRED,FIXED,TRADEABLE,,,prefsTEST.xlsx 2026-08-21
FMCCT,FMCC,,yes,PREFERRED,FIXED,TRADEABLE,,,prefsTEST.xlsx 2026-08-21
FMCKI,FMCC,,yes,PREFERRED,FIXED,TRADEABLE,,,prefsTEST.xlsx 2026-08-21
FMCKJ,FMCC,,yes,PREFERRED,FIXED,TRADEABLE,,,prefsTEST.xlsx 2026-08-21
FMCKK,FMCC,,yes,PREFERRED,FIXED,TRADEABLE,,,prefsTEST.xlsx 2026-08-21
FMCKL,FMCC,,yes,PREFERRED,FIXED,TRADEABLE,,,prefsTEST.xlsx 2026-08-21
FMCKM,FMCC,,yes,PREFERRED,FIXED,TRADEABLE,,,prefsTEST.xlsx 2026-08-21
FMCKN,FMCC,,yes,PREFERRED,FIXED,TRADEABLE,,,prefsTEST.xlsx 2026-08-21
FMCKO,FMCC,,yes,PREFERRED,FIXED,TRADEABLE,,,prefsTEST.xlsx 2026-08-21
FMCKP,FMCC,,yes,PREFERRED,FIXED,TRADEABLE,,,prefsTEST.xlsx 2026-08-21
FNB-E,FNB,,yes,PREFERRED,FIXED,EXCLUDED,NO_PRICE_FEED,seeded: no price on the EZE feed,prefsTEST.xlsx 2026-08-21
FNMAG,FNMA,,yes,PREFERRED,FIXED,TRADEABLE,,,prefsTEST.xlsx 2026-08-21
FNMAI,FNMA,,yes,PREFERRED,FIXED,TRADEABLE,,,prefsTEST.xlsx 2026-08-21
FNMAJ,FNMA,,yes,PREFERRED,FIXED,TRADEABLE,,,prefsTEST.xlsx 2026-08-21
FNMAK,FNMA,,yes,PREFERRED,FIXED,TRADEABLE,,,prefsTEST.xlsx 2026-08-21
FNMAL,FNMA,,yes,PREFERRED,FIXED,TRADEABLE,,,prefsTEST.xlsx 2026-08-21
FNMAM,FNMA,,yes,PREFERRED,FIXED,TRADEABLE,,,prefsTEST.xlsx 2026-08-21
FNMAN,FNMA,,yes,PREFERRED,FIXED,TRADEABLE,,,prefsTEST.xlsx 2026-08-21
FNMAS,FNMA,,yes,PREFERRED,FIXED,TRADEABLE,,,prefsTEST.xlsx 2026-08-21
FNMAT,FNMA,,yes,PREFERRED,FIXED,TRADEABLE,,,prefsTEST.xlsx 2026-08-21
FNMFM,FNMA,,yes,PREFERRED,FIXED,TRADEABLE,,,prefsTEST.xlsx 2026-08-21
FNMFO,FNMA,,yes,PREFERRED,FIXED,TRADEABLE,,,prefsTEST.xlsx 2026-08-21
FOSLL,FOSL,,no,BABY_BOND,FIXED,EXCLUDED,NO_PRICE_FEED,seeded: no price on the EZE feed,prefsTEST.xlsx 2026-08-21
FREGP,FMCC,,no,PREFERRED,FIXED,TRADEABLE,,,prefsTEST.xlsx 2026-08-21
FREJP,FMCC,,yes,PREFERRED,FIXED,TRADEABLE,,,prefsTEST.xlsx 2026-08-21
FRMEP,FRME,,yes,PREFERRED,FIXED,TRADEABLE,,,prefsTEST.xlsx 2026-08-21
FRT-C,FRT,,no,PREFERRED,FIXED,TRADEABLE,,,prefsTEST.xlsx 2026-08-21
FTAIM,FTAI,,no,PREFERRED,FIX_TO_FLOAT,TRADEABLE,,,prefsTEST.xlsx 2026-08-21
FTAIN,FTAI,,no,PREFERRED,FIXED,EXCLUDED,NO_PRICE_FEED,seeded: no price on the EZE feed,prefsTEST.xlsx 2026-08-21
FTAIO,FTAI,,no,PREFERRED,FIX_TO_FLOAT,EXCLUDED,NO_PRICE_FEED,seeded: no price on the EZE feed,prefsTEST.xlsx 2026-08-21
FTAIP,FTAI,,no,PREFERRED,FIX_TO_FLOAT,EXCLUDED,NO_PRICE_FEED,seeded: no price on the EZE feed,prefsTEST.xlsx 2026-08-21
FULTP,FULT,,yes,PREFERRED,FIXED,TRADEABLE,,,prefsTEST.xlsx 2026-08-21
GAB-G,GAB,,yes,PREFERRED,FIXED,TRADEABLE,,,prefsTEST.xlsx 2026-08-21
GAB-H,GAB,,yes,PREFERRED,FIXED,TRADEABLE,,,prefsTEST.xlsx 2026-08-21
GAB-K,GAB,,yes,PREFERRED,FIXED,TRADEABLE,,,prefsTEST.xlsx 2026-08-21
GAINL,GAIN,,no,BABY_BOND,FIXED,EXCLUDED,NO_PRICE_FEED,seeded: no price on the EZE feed,prefsTEST.xlsx 2026-08-21
GAINN,GAIN,,no,BABY_BOND,FIXED,EXCLUDED,NO_PRICE_FEED,seeded: no price on the EZE feed,prefsTEST.xlsx 2026-08-21
GAINZ,GAIN,,no,BABY_BOND,FIXED,TRADEABLE,,,prefsTEST.xlsx 2026-08-21
GAM-B,GAM,,yes,PREFERRED,FIXED,TRADEABLE,,,prefsTEST.xlsx 2026-08-21
GDL-C,GDL,,no,PREFERRED,FIXED,EXCLUDED,NO_PRICE_FEED,seeded: no price on the EZE feed,prefsTEST.xlsx 2026-08-21
GDV-H,GDV,,yes,PREFERRED,FIXED,TRADEABLE,,,prefsTEST.xlsx 2026-08-21
GDV-K,GDV,,yes,PREFERRED,FIXED,TRADEABLE,,,prefsTEST.xlsx 2026-08-21
GEGGL,GEG,,no,BABY_BOND,FIXED,TRADEABLE,,,prefsTEST.xlsx 2026-08-21
GGN-B,GGN,,no,PREFERRED,FIXED,TRADEABLE,,,prefsTEST.xlsx 2026-08-21
GGT-E,GGT,,yes,PREFERRED,FIXED,TRADEABLE,,,prefsTEST.xlsx 2026-08-21
GGT-G,GGT,,yes,PREFERRED,FIXED,TRADEABLE,,,prefsTEST.xlsx 2026-08-21
GJH,USM,,no,PREFERRED,FIXED,TRADEABLE,,,prefsTEST.xlsx 2026-08-21
GJO,WMT,,no,PREFERRED,FIXED,TRADEABLE,,,prefsTEST.xlsx 2026-08-21
GJP,D,,no,PREFERRED,FLOATER,EXCLUDED,TRUE_FLOATER,,prefsTEST.xlsx 2026-08-21
GJS,GS,,no,PREFERRED,FLOATER,EXCLUDED,TRUE_FLOATER,,prefsTEST.xlsx 2026-08-21
GL-D,GL,,no,BABY_BOND,FIXED,TRADEABLE,,,prefsTEST.xlsx 2026-08-21
GLADZ,GLAD,,no,BABY_BOND,FIXED,EXCLUDED,NO_PRICE_FEED,seeded: no price on the EZE feed,prefsTEST.xlsx 2026-08-21
GLOG-A,GLOG,,yes,PREFERRED,FIXED,EXCLUDED,NO_PRICE_FEED,seeded: no price on the EZE feed,prefsTEST.xlsx 2026-08-21
GLOP-A,GLOP,,yes,PREFERRED,FIX_TO_FLOAT,TRADEABLE,,,prefsTEST.xlsx 2026-08-21
GLOP-B,GLOP,,yes,PREFERRED,FIX_TO_FLOAT,TRADEABLE,,,prefsTEST.xlsx 2026-08-21
GLOP-C,GLOP,,yes,PREFERRED,FIX_TO_FLOAT,TRADEABLE,,,prefsTEST.xlsx 2026-08-21
GMBLP,GMBL,,yes,PREFERRED,CONVERTIBLE,TRADEABLE,,,prefsTEST.xlsx 2026-08-21
GMLPF,GMLP,,yes,PREFERRED,FIXED,TRADEABLE,,,prefsTEST.xlsx 2026-08-21
GMLPF,NFE,,yes,PREFERRED,FIXED,TRADEABLE,,,prefsTEST.xlsx 2026-08-21
GMRE-A,GMRE,,no,PREFERRED,FIXED,EXCLUDED,NO_PRICE_FEED,seeded: no price on the EZE feed,prefsTEST.xlsx 2026-08-21
GNL-A,GNL,,no,PREFERRED,FIXED,TRADEABLE,,,prefsTEST.xlsx 2026-08-21
GNL-B,GNL,,no,PREFERRED,FIXED,TRADEABLE,,,prefsTEST.xlsx 2026-08-21
GNL-D,GNL,,no,PREFERRED,FIXED,TRADEABLE,,,prefsTEST.xlsx 2026-08-21
GNL-E,GNL,,no,PREFERRED,FIXED,TRADEABLE,,,prefsTEST.xlsx 2026-08-21
GNT-A,GNT,,yes,PREFERRED,FIXED,TRADEABLE,,,prefsTEST.xlsx 2026-08-21
GOODN,GOOD,,no,PREFERRED,FIXED,TRADEABLE,,,prefsTEST.xlsx 2026-08-21
GOODO,GOOD,,no,PREFERRED,FIXED,TRADEABLE,,,prefsTEST.xlsx 2026-08-21
GPJA,SO,,no,BABY_BOND,FIXED,TRADEABLE,,,prefsTEST.xlsx 2026-08-21
GPMT-A,GPMT,,no,PREFERRED,FIX_TO_FLOAT,TRADEABLE,,,prefsTEST.xlsx 2026-08-21
GRBK-A,GRBK,,yes,PREFERRED,FIXED,TRADEABLE,,,prefsTEST.xlsx 2026-08-21
GREEL,GREE,,no,BABY_BOND,FIXED,TRADEABLE,,,prefsTEST.xlsx 2026-08-21
GS-A,GS,,yes,PREFERRED,FIXED,TRADEABLE,,,prefsTEST.xlsx 2026-08-21
GS-C,GS,,yes,PREFERRED,FIXED,TRADEABLE,,,prefsTEST.xlsx 2026-08-21
GS-D,GS,,yes,PREFERRED,FIXED,TRADEABLE,,,prefsTEST.xlsx 2026-08-21
GS-K,GS,,yes,PREFERRED,FIX_TO_FLOAT,EXCLUDED,NO_PRICE_FEED,seeded: no price on the EZE feed,prefsTEST.xlsx 2026-08-21
GSL-B,GSL,,yes,PREFERRED,FIXED,TRADEABLE,,,prefsTEST.xlsx 2026-08-21
GTLS-B,GTLS,,no,PREFERRED,MAND_CONVERT,EXCLUDED,NO_PRICE_FEED,seeded: no price on the EZE feed,prefsTEST.xlsx 2026-08-21
GUT-C,GUT,,yes,PREFERRED,FIXED,TRADEABLE,,,prefsTEST.xlsx 2026-08-21
HAWEL,HE,,yes,PREFERRED,FIXED,EXCLUDED,NO_PRICE_FEED,seeded: no price on the EZE feed,prefsTEST.xlsx 2026-08-21
HAWEM,HE,,yes,PREFERRED,FIXED,EXCLUDED,NO_PRICE_FEED,seeded: no price on the EZE feed,prefsTEST.xlsx 2026-08-21
HAWEN,HE,,yes,PREFERRED,FIXED,EXCLUDED,NO_PRICE_FEED,seeded: no price on the EZE feed,prefsTEST.xlsx 2026-08-21
HAWLI,HE,,yes,PREFERRED,FIXED,EXCLUDED,NO_PRICE_FEED,seeded: no price on the EZE feed,prefsTEST.xlsx 2026-08-21
HAWLL,HE,,yes,PREFERRED,FIXED,EXCLUDED,NO_PRICE_FEED,seeded: no price on the EZE feed,prefsTEST.xlsx 2026-08-21
HAWLM,HE,,yes,PREFERRED,FIXED,EXCLUDED,NO_PRICE_FEED,seeded: no price on the EZE feed,prefsTEST.xlsx 2026-08-21
HAWLN,HE,,yes,PREFERRED,FIXED,EXCLUDED,NO_PRICE_FEED,seeded: no price on the EZE feed,prefsTEST.xlsx 2026-08-21
HBANL,HBAN,,yes,PREFERRED,FIXED,TRADEABLE,,,prefsTEST.xlsx 2026-08-21
HBANM,HBAN,,yes,PREFERRED,FIXED,TRADEABLE,,,prefsTEST.xlsx 2026-08-21
HBANP,HBAN,,yes,PREFERRED,FIXED,TRADEABLE,,,prefsTEST.xlsx 2026-08-21
HCDIP,HCDI,,yes,PREFERRED,CONVERTIBLE,EXCLUDED,NO_PRICE_FEED,seeded: no price on the EZE feed,prefsTEST.xlsx 2026-08-21
HCXY,HTGC,,no,BABY_BOND,FIXED,TRADEABLE,,,prefsTEST.xlsx 2026-08-21
HFRO-A,HFRO,,yes,PREFERRED,FIXED,TRADEABLE,,,prefsTEST.xlsx 2026-08-21
HIG-G,HIG,,yes,PREFERRED,FIXED,TRADEABLE,,,prefsTEST.xlsx 2026-08-21
HL-B,HL,,yes,PREFERRED,FIXED,TRADEABLE,,,prefsTEST.xlsx 2026-08-21
HMLPF,HMLP,,yes,PREFERRED,FIXED,TRADEABLE,,,prefsTEST.xlsx 2026-08-21
HNNAZ,HNNA,,no,BABY_BOND,FIXED,EXCLUDED,NO_PRICE_FEED,seeded: no price on the EZE feed,prefsTEST.xlsx 2026-08-21
HOVNP,HOV,,yes,PREFERRED,FIXED,TRADEABLE,,,prefsTEST.xlsx 2026-08-21
HPP-C,HPP,,no,PREFERRED,FIXED,TRADEABLE,,,prefsTEST.xlsx 2026-08-21
HROWL,HROW,,no,BABY_BOND,FIXED,EXCLUDED,NO_PRICE_FEED,seeded: no price on the EZE feed,prefsTEST.xlsx 2026-08-21
HROWM,HROW,,no,BABY_BOND,FIXED,EXCLUDED,NO_PRICE_FEED,seeded: no price on the EZE feed,prefsTEST.xlsx 2026-08-21
HT-C,HT,,no,PREFERRED,FIXED,EXCLUDED,NO_PRICE_FEED,seeded: no price on the EZE feed,prefsTEST.xlsx 2026-08-21
HT-D,HT,,no,PREFERRED,FIXED,EXCLUDED,NO_PRICE_FEED,seeded: no price on the EZE feed,prefsTEST.xlsx 2026-08-21
HT-E,HT,,no,PREFERRED,FIXED,EXCLUDED,NO_PRICE_FEED,seeded: no price on the EZE feed,prefsTEST.xlsx 2026-08-21
HTFB,HRZN,,no,BABY_BOND,FIXED,EXCLUDED,NO_PRICE_FEED,seeded: no price on the EZE feed,prefsTEST.xlsx 2026-08-21
HTFC,HRZN,,no,BABY_BOND,FIXED,TRADEABLE,,,prefsTEST.xlsx 2026-08-21
HTIA,HL,,no,PREFERRED,FIXED,EXCLUDED,NO_PRICE_FEED,seeded: no price on the EZE feed,prefsTEST.xlsx 2026-08-21
HTIA,HTIA,,no,PREFERRED,FIXED,EXCLUDED,NO_PRICE_FEED,seeded: no price on the EZE feed,prefsTEST.xlsx 2026-08-21
HTIBP,HTIA,,no,PREFERRED,FIXED,EXCLUDED,NO_PRICE_FEED,seeded: no price on the EZE feed,prefsTEST.xlsx 2026-08-21
HWCPZ,HWC,,no,BABY_BOND,FIXED,TRADEABLE,,,prefsTEST.xlsx 2026-08-21
HWM-,HWM,,yes,PREFERRED,FIXED,EXCLUDED,NO_PRICE_FEED,seeded: no price on the EZE feed,prefsTEST.xlsx 2026-08-21
ICR-A,HWM,,no,PREFERRED,FIXED,TRADEABLE,,,prefsTEST.xlsx 2026-08-21
IIPR-A,IIPR,,no,PREFERRED,FIXED,TRADEABLE,,,prefsTEST.xlsx 2026-08-21
IMPPP,IMPP,,no,PREFERRED,FIXED,TRADEABLE,,,prefsTEST.xlsx 2026-08-21
INBKZ,INBK,,no,BABY_BOND,FIX_TO_FLOAT,TRADEABLE,,,prefsTEST.xlsx 2026-08-21
INN-E,INN,,no,PREFERRED,FIXED,TRADEABLE,,,prefsTEST.xlsx 2026-08-21
INN-F,INN,,no,PREFERRED,FIXED,TRADEABLE,,,prefsTEST.xlsx 2026-08-21
INPAP,IP,,yes,PREFERRED,FIXED,TRADEABLE,,,prefsTEST.xlsx 2026-08-21
IPB,BAC,,no,TRUPS,FIXED,TRADEABLE,,,prefsTEST.xlsx 2026-08-21
IVR-B,IVR,,no,PREFERRED,FIXED,EXCLUDED,NO_PRICE_FEED,seeded: no price on the EZE feed,prefsTEST.xlsx 2026-08-21
IVR-C,IVR,,no,PREFERRED,FIXED,TRADEABLE,,,prefsTEST.xlsx 2026-08-21
JBK,GS,,no,PREFERRED,FLOATER,EXCLUDED,TRUE_FLOATER,,prefsTEST.xlsx 2026-08-21
JPM-C,JPM,,yes,PREFERRED,FIXED,TRADEABLE,,,prefsTEST.xlsx 2026-08-21
JPM-D,JPM,,yes,PREFERRED,FIXED,TRADEABLE,,,prefsTEST.xlsx 2026-08-21
JPM-J,JPM,,yes,PREFERRED,FIXED,TRADEABLE,,,prefsTEST.xlsx 2026-08-21
JPM-K,JPM,,yes,PREFERRED,FIXED,TRADEABLE,,,prefsTEST.xlsx 2026-08-21
JPM-L,JPM,,yes,PREFERRED,FIXED,TRADEABLE,,,prefsTEST.xlsx 2026-08-21
JPM-M,JPM,,yes,PREFERRED,FIXED,TRADEABLE,,,prefsTEST.xlsx 2026-08-21
JSM,SLM,,no,BABY_BOND,FIXED,TRADEABLE,,,prefsTEST.xlsx 2026-08-21
JXN-A,JXN,,yes,PREFERRED,FIXED,TRADEABLE,,,prefsTEST.xlsx 2026-08-21
KEY-I,KEY,,yes,PREFERRED,FIXED,TRADEABLE,,,prefsTEST.xlsx 2026-08-21
KEY-J,KEY,,yes,PREFERRED,FIXED,TRADEABLE,,,prefsTEST.xlsx 2026-08-21
KEY-K,KEY,,yes,PREFERRED,FIXED,TRADEABLE,,,prefsTEST.xlsx 2026-08-21
KEY-L,KEY,,yes,PREFERRED,FIX_TO_FLOAT,TRADEABLE,,,prefsTEST.xlsx 2026-08-21
KIM-L,KIM,,no,PREFERRED,FIXED,TRADEABLE,,,prefsTEST.xlsx 2026-08-21
KIM-M,KIM,,no,PREFERRED,FIXED,TRADEABLE,,,prefsTEST.xlsx 2026-08-21
KKRS,KKR,,no,BABY_BOND,FIXED,TRADEABLE,,,prefsTEST.xlsx 2026-08-21
KMPB,KMPR,,no,BABY_BOND,RESET,TRADEABLE,,,prefsTEST.xlsx 2026-08-21
KREF-A,KREF,,no,PREFERRED,FIXED,TRADEABLE,,,prefsTEST.xlsx 2026-08-21
KTBA,T,,no,TRUPS,FIXED,TRADEABLE,,,prefsTEST.xlsx 2026-08-21
KTH,EXC,,no,PREFERRED,FIXED,TRADEABLE,,,prefsTEST.xlsx 2026-08-21
KTN,AON,,no,PREFERRED,FIXED,TRADEABLE,,,prefsTEST.xlsx 2026-08-21
LANDM,LAND,,no,PREFERRED,FIXED,EXCLUDED,NO_PRICE_FEED,seeded: no price on the EZE feed,prefsTEST.xlsx 2026-08-21
LANDO,LAND,,no,PREFERRED,FIXED,TRADEABLE,,,prefsTEST.xlsx 2026-08-21
LANDP,LAND,,no,PREFERRED,FIXED,TRADEABLE,,,prefsTEST.xlsx 2026-08-21
LFMDP,LFMD,,yes,PREFERRED,FIXED,TRADEABLE,,,prefsTEST.xlsx 2026-08-21
LFT-A,LFT,,no,PREFERRED,FIXED,TRADEABLE,,,prefsTEST.xlsx 2026-08-21
LNC-D,LNC,,yes,PREFERRED,FIXED,TRADEABLE,,,prefsTEST.xlsx 2026-08-21
LTSA,LNC,,yes,PREFERRED,FIXED,EXCLUDED,NO_PRICE_FEED,seeded: no price on the EZE feed,prefsTEST.xlsx 2026-08-21
LTSF,LNC,,no,BABY_BOND,FIXED,EXCLUDED,NO_PRICE_FEED,seeded: no price on the EZE feed,prefsTEST.xlsx 2026-08-21
LTSH,LNC,,no,BABY_BOND,FIXED,EXCLUDED,NO_PRICE_FEED,seeded: no price on the EZE feed,prefsTEST.xlsx 2026-08-21
LTSK,LNC,,no,BABY_BOND,FIXED,EXCLUDED,NO_PRICE_FEED,seeded: no price on the EZE feed,prefsTEST.xlsx 2026-08-21
LTSL,LNC,,no,BABY_BOND,FIXED,EXCLUDED,NO_PRICE_FEED,seeded: no price on the EZE feed,prefsTEST.xlsx 2026-08-21
LXP-C,LXP,0.075,no,PREFERRED,FIXED,TRADEABLE,,,prefsTEST.xlsx 2026-08-21
MAA-I,MAA,,no,PREFERRED,FIXED,TRADEABLE,,,prefsTEST.xlsx 2026-08-21
MBINM,MBIN,,yes,PREFERRED,RESET,TRADEABLE,,,prefsTEST.xlsx 2026-08-21
MBINN,MBIN,,yes,PREFERRED,FIXED,TRADEABLE,,,prefsTEST.xlsx 2026-08-21
MBINO,MBIN,,yes,PREFERRED,FIX_TO_FLOAT,EXCLUDED,NO_PRICE_FEED,seeded: no price on the EZE feed,prefsTEST.xlsx 2026-08-21
MBINP,MBIN,,yes,PREFERRED,FIX_TO_FLOAT,EXCLUDED,NO_PRICE_FEED,seeded: no price on the EZE feed,prefsTEST.xlsx 2026-08-21
MBNKP,MFIN,,yes,PREFERRED,FIX_TO_FLOAT,EXCLUDED,NO_PRICE_FEED,seeded: no price on the EZE feed,prefsTEST.xlsx 2026-08-21
MDRRP,MDRR,,no,PREFERRED,FIXED,EXCLUDED,NO_PRICE_FEED,seeded: no price on the EZE feed,prefsTEST.xlsx 2026-08-21
MER-K,BAC,,no,TRUPS,FIXED,TRADEABLE,,,prefsTEST.xlsx 2026-08-21
MET-A,MET,,yes,PREFERRED,FIXED,TRADEABLE,,,prefsTEST.xlsx 2026-08-21
MET-E,MET,,yes,PREFERRED,FIXED,TRADEABLE,,,prefsTEST.xlsx 2026-08-21
MET-F,MET,,yes,PREFERRED,FIXED,TRADEABLE,,,prefsTEST.xlsx 2026-08-21
METCL,METC,,no,BABY_BOND,FIXED,EXCLUDED,NO_PRICE_FEED,seeded: no price on the EZE feed,prefsTEST.xlsx 2026-08-21
MFA-B,MFA,,no,PREFERRED,FIXED,TRADEABLE,,,prefsTEST.xlsx 2026-08-21
MFA-C,MFA,,no,PREFERRED,FIX_TO_FLOAT,TRADEABLE,,,prefsTEST.xlsx 2026-08-21
MGR,AMG,,no,BABY_BOND,FIXED,TRADEABLE,,,prefsTEST.xlsx 2026-08-21
MGRB,AMG,,no,BABY_BOND,FIXED,TRADEABLE,,,prefsTEST.xlsx 2026-08-21
MGRD,AMG,,no,BABY_BOND,FIXED,TRADEABLE,,,prefsTEST.xlsx 2026-08-21
MHLA,MHLD,,no,BABY_BOND,FIXED,TRADEABLE,,,prefsTEST.xlsx 2026-08-21
MHNC,MHLD,,no,BABY_BOND,FIXED,TRADEABLE,,,prefsTEST.xlsx 2026-08-21
MINDP,MIND,,yes,PREFERRED,FIXED,EXCLUDED,NO_PRICE_FEED,seeded: no price on the EZE feed,prefsTEST.xlsx 2026-08-21
MITT-A,MITT,,no,PREFERRED,FIXED,TRADEABLE,,,prefsTEST.xlsx 2026-08-21
MITT-B,MITT,,no,PREFERRED,FIXED,TRADEABLE,,,prefsTEST.xlsx 2026-08-21
MITT-C,MITT,,no,PREFERRED,FIX_TO_FLOAT,TRADEABLE,,,prefsTEST.xlsx 2026-08-21
MNESP,MSA,,yes,PREFERRED,FIXED,TRADEABLE,,,prefsTEST.xlsx 2026-08-21
MNQFF,MFC,,no,PREFERRED,FIXED,TRADEABLE,,,prefsTEST.xlsx 2026-08-21
MNSBP,MNSB,,no,PREFERRED,FIXED,TRADEABLE,,,prefsTEST.xlsx 2026-08-21
MNUFF,MFC,,no,PREFERRED,FIXED,TRADEABLE,,,prefsTEST.xlsx 2026-08-21
MS-E,MS,,yes,PREFERRED,FIX_TO_FLOAT,TRADEABLE,,,prefsTEST.xlsx 2026-08-21
MS-F,MS,,yes,PREFERRED,FIX_TO_FLOAT,TRADEABLE,,,prefsTEST.xlsx 2026-08-21
MS-I,MS,,yes,PREFERRED,FIX_TO_FLOAT,TRADEABLE,,,prefsTEST.xlsx 2026-08-21
MS-K,MS,,yes,PREFERRED,FIX_TO_FLOAT,TRADEABLE,,,prefsTEST.xlsx 2026-08-21
MS-L,MS,,yes,PREFERRED,FIXED,TRADEABLE,,,prefsTEST.xlsx 2026-08-21
MS-O,MS,,yes,PREFERRED,FIXED,TRADEABLE,,,prefsTEST.xlsx 2026-08-21
MS-P,MS,,yes,PREFERRED,FIXED,TRADEABLE,,,prefsTEST.xlsx 2026-08-21
MSBIP,MSBI,,yes,PREFERRED,FIX_TO_FLOAT,TRADEABLE,,,prefsTEST.xlsx 2026-08-21
MSSEL,NGG,,yes,PREFERRED,FIXED,TRADEABLE,,,prefsTEST.xlsx 2026-08-21
MTB-H,MTB,,yes,PREFERRED,FIX_TO_FLOAT,TRADEABLE,,,prefsTEST.xlsx 2026-08-21
NCV-A,NCV,,yes,PREFERRED,FIXED,TRADEABLE,,,prefsTEST.xlsx 2026-08-21
NCZ-A,NCZ,,yes,PREFERRED,FIXED,TRADEABLE,,,prefsTEST.xlsx 2026-08-21
NEE-N,NEE,,no,BABY_BOND,FIXED,TRADEABLE,,,prefsTEST.xlsx 2026-08-21
NEWEN,NGG,,yes,PREFERRED,FIXED,TRADEABLE,,,prefsTEST.xlsx 2026-08-21
NEWTI,NEWT,,no,BABY_BOND,FIXED,TRADEABLE,,,prefsTEST.xlsx 2026-08-21
NEWTL,NEWT,,no,BABY_BOND,FIXED,EXCLUDED,NO_PRICE_FEED,seeded: no price on the EZE feed,prefsTEST.xlsx 2026-08-21
NEWTZ,NEWT,,no,BABY_BOND,FIXED,EXCLUDED,NO_PRICE_FEED,seeded: no price on the EZE feed,prefsTEST.xlsx 2026-08-21
NGL-B,NGL,,no,PREFERRED,FIXED,TRADEABLE,,,prefsTEST.xlsx 2026-08-21
NGL-C,NGL,,no,PREFERRED,FIX_TO_FLOAT,TRADEABLE,,,prefsTEST.xlsx 2026-08-21
NI-B,NI,,yes,PREFERRED,RESET,EXCLUDED,NO_PRICE_FEED,seeded: no price on the EZE feed,prefsTEST.xlsx 2026-08-21
NIMC,NI,,no,PREFERRED,MAND_CONVERT,EXCLUDED,NO_PRICE_FEED,seeded: no price on the EZE feed,prefsTEST.xlsx 2026-08-21
NLY-F,NLY,,no,PREFERRED,FIX_TO_FLOAT,TRADEABLE,,,prefsTEST.xlsx 2026-08-21
NLY-G,NLY,,no,PREFERRED,FIX_TO_FLOAT,TRADEABLE,,,prefsTEST.xlsx 2026-08-21
NLY-I,NLY,,no,PREFERRED,FIX_TO_FLOAT,TRADEABLE,,,prefsTEST.xlsx 2026-08-21
NM-G,NM,,yes,PREFERRED,FIXED,EXCLUDED,NO_PRICE_FEED,seeded: no price on the EZE feed,prefsTEST.xlsx 2026-08-21
NM-H,NM,,yes,PREFERRED,FIXED,EXCLUDED,NO_PRICE_FEED,seeded: no price on the EZE feed,prefsTEST.xlsx 2026-08-21
NMK-B,NGG,,yes,PREFERRED,FIXED,EXCLUDED,NO_PRICE_FEED,seeded: no price on the EZE feed,prefsTEST.xlsx 2026-08-21
NMK-C,NGG,,yes,PREFERRED,FIXED,EXCLUDED,NO_PRICE_FEED,seeded: no price on the EZE feed,prefsTEST.xlsx 2026-08-21
NMPWP,NGG,,yes,PREFERRED,FIXED,TRADEABLE,,,prefsTEST.xlsx 2026-08-21
NREF-A,NREF,,no,PREFERRED,FIXED,TRADEABLE,,,prefsTEST.xlsx 2026-08-21
NRUC,NRUC,,no,BABY_BOND,FIXED,TRADEABLE,,,prefsTEST.xlsx 2026-08-21
NS-A,NS,,no,PREFERRED,FIX_TO_FLOAT,EXCLUDED,NO_PRICE_FEED,seeded: no price on the EZE feed,prefsTEST.xlsx 2026-08-21
NS-B,NS,,no,PREFERRED,FIX_TO_FLOAT,EXCLUDED,NO_PRICE_FEED,seeded: no price on the EZE feed,prefsTEST.xlsx 2026-08-21
NS-C,NS,,no,PREFERRED,FIX_TO_FLOAT,EXCLUDED,NO_PRICE_FEED,seeded: no price on the EZE feed,prefsTEST.xlsx 2026-08-21
NSA-A,NSA,,no,PREFERRED,FIXED,EXCLUDED,NO_PRICE_FEED,seeded: no price on the EZE feed,prefsTEST.xlsx 2026-08-21
NSARO,ES,,yes,PREFERRED,FIXED,TRADEABLE,,,prefsTEST.xlsx 2026-08-21
NSARP,ES,,yes,PREFERRED,FIXED,TRADEABLE,,,prefsTEST.xlsx 2026-08-21
NSS,NS,,no,BABY_BOND,FIX_TO_FLOAT,EXCLUDED,NO_PRICE_FEED,seeded: no price on the EZE feed,prefsTEST.xlsx 2026-08-21
NTRSO,NTRS,,yes,PREFERRED,FIXED,TRADEABLE,,,prefsTEST.xlsx 2026-08-21
NXDT-A,NXDT,,no,PREFERRED,FIXED,TRADEABLE,,,prefsTEST.xlsx 2026-08-21
NYCB-A,NYCB,,yes,PREFERRED,FIX_TO_FLOAT,EXCLUDED,NO_PRICE_FEED,seeded: no price on the EZE feed,prefsTEST.xlsx 2026-08-21
NYCB-U,NYCB,,no,TRUPS,FIXED,EXCLUDED,NO_PRICE_FEED,seeded: no price on the EZE feed,prefsTEST.xlsx 2026-08-21
NYMTL,NYMT,,no,PREFERRED,FIX_TO_FLOAT,EXCLUDED,NO_PRICE_FEED,seeded: no price on the EZE feed,prefsTEST.xlsx 2026-08-21
NYMTM,NYMT,,no,PREFERRED,FIX_TO_FLOAT,EXCLUDED,NO_PRICE_FEED,seeded: no price on the EZE feed,prefsTEST.xlsx 2026-08-21
NYMTN,NYMT,,no,PREFERRED,FIX_TO_FLOAT,EXCLUDED,NO_PRICE_FEED,seeded: no price on the EZE feed,prefsTEST.xlsx 2026-08-21
NYMTZ,NYMT,,no,PREFERRED,FIXED,EXCLUDED,NO_PRICE_FEED,seeded: no price on the EZE feed,prefsTEST.xlsx 2026-08-21
OAK-A,BN,,no,PREFERRED,FIXED,TRADEABLE,,,prefsTEST.xlsx 2026-08-21
OAK-B,BN,,no,PREFERRED,FIXED,TRADEABLE,,,prefsTEST.xlsx 2026-08-21
OCCIN,OCCI,,yes,PREFERRED,FIXED,TRADEABLE,,,prefsTEST.xlsx 2026-08-21
OCCIO,OCCI,,yes,PREFERRED,FIXED,EXCLUDED,NO_PRICE_FEED,seeded: no price on the EZE feed,prefsTEST.xlsx 2026-08-21
OCFCP,OCFC,,yes,PREFERRED,FIX_TO_FLOAT,EXCLUDED,NO_PRICE_FEED,seeded: no price on the EZE feed,prefsTEST.xlsx 2026-08-21
OFSSH,OFS,,no,BABY_BOND,FIXED,TRADEABLE,,,prefsTEST.xlsx 2026-08-21
ONBPO,ONB,,yes,PREFERRED,FIXED,TRADEABLE,,,prefsTEST.xlsx 2026-08-21
ONBPP,ONB,,yes,PREFERRED,FIXED,TRADEABLE,,,prefsTEST.xlsx 2026-08-21
OPINL,OPI,,no,BABY_BOND,FIXED,EXCLUDED,NO_PRICE_FEED,seeded: no price on the EZE feed,prefsTEST.xlsx 2026-08-21
OPP-A,OPP,,yes,PREFERRED,FIXED,TRADEABLE,,,prefsTEST.xlsx 2026-08-21
OPP-B,OPP,,yes,PREFERRED,FIXED,TRADEABLE,,,prefsTEST.xlsx 2026-08-21
OTRKP,OTRK,,yes,PREFERRED,FIXED,EXCLUDED,NO_PRICE_FEED,seeded: no price on the EZE feed,prefsTEST.xlsx 2026-08-21
OXLCL,OXLC,,yes,PREFERRED,FIXED,TRADEABLE,,,prefsTEST.xlsx 2026-08-21
OXLCM,OXLC,,yes,PREFERRED,FIXED,TRADEABLE,,,prefsTEST.xlsx 2026-08-21
OXLCN,OXLC,,yes,PREFERRED,FIXED,TRADEABLE,,,prefsTEST.xlsx 2026-08-21
OXLCO,OXLC,,yes,PREFERRED,FIXED,TRADEABLE,,,prefsTEST.xlsx 2026-08-21
OXLCP,OXLC,,yes,PREFERRED,FIXED,EXCLUDED,NO_PRICE_FEED,seeded: no price on the EZE feed,prefsTEST.xlsx 2026-08-21
OXLCZ,OXLC,,no,PREFERRED,FIXED,TRADEABLE,,,prefsTEST.xlsx 2026-08-21
OXSQG,OSXQ,,no,BABY_BOND,FIXED,TRADEABLE,,,prefsTEST.xlsx 2026-08-21
OXSQL,OSXQ,,no,BABY_BOND,FIXED,EXCLUDED,NO_PRICE_FEED,seeded: no price on the EZE feed,prefsTEST.xlsx 2026-08-21
OXSQZ,OSXQ,,no,BABY_BOND,FIXED,EXCLUDED,NO_PRICE_FEED,seeded: no price on the EZE feed,prefsTEST.xlsx 2026-08-21
OZKAP,OZK,,yes,PREFERRED,FIXED,TRADEABLE,,,prefsTEST.xlsx 2026-08-21
PACWP,PACW,,yes,PREFERRED,FIX_TO_FLOAT,EXCLUDED,NO_PRICE_FEED,seeded: no price on the EZE feed,prefsTEST.xlsx 2026-08-21
PARAP,PARA,,yes,PREFERRED,MAND_CONVERT,EXCLUDED,NO_PRICE_FEED,seeded: no price on the EZE feed,prefsTEST.xlsx 2026-08-21
PBI-B,PBI,,no,BABY_BOND,FIXED,TRADEABLE,,,prefsTEST.xlsx 2026-08-21
PCG-A,PCG,,yes,PREFERRED,FIXED,TRADEABLE,,,prefsTEST.xlsx 2026-08-21
PCG-B,PCG,,yes,PREFERRED,FIXED,TRADEABLE,,,prefsTEST.xlsx 2026-08-21
PCG-C,PCG,,yes,PREFERRED,FIXED,TRADEABLE,,,prefsTEST.xlsx 2026-08-21
PCG-D,PCG,,yes,PREFERRED,FIXED,TRADEABLE,,,prefsTEST.xlsx 2026-08-21
PCG-E,PCG,,yes,PREFERRED,FIXED,TRADEABLE,,,prefsTEST.xlsx 2026-08-21
PCG-G,PCG,,yes,PREFERRED,FIXED,TRADEABLE,,,prefsTEST.xlsx 2026-08-21
PCG-H,PCG,,yes,PREFERRED,FIXED,TRADEABLE,,,prefsTEST.xlsx 2026-08-21
PCG-I,PCG,,yes,PREFERRED,FIXED,TRADEABLE,,,prefsTEST.xlsx 2026-08-21
PEB-E,PEB,0.07,no,PREFERRED,FIXED,TRADEABLE,,,prefsTEST.xlsx 2026-08-21
PEB-F,PEB,0.07,no,PREFERRED,FIXED,TRADEABLE,,,prefsTEST.xlsx 2026-08-21
PEB-G,PEB,,no,PREFERRED,FIXED,TRADEABLE,,,prefsTEST.xlsx 2026-08-21
PEB-H,PEB,,no,PREFERRED,FIXED,TRADEABLE,,,prefsTEST.xlsx 2026-08-21
PFH,PRU,,no,BABY_BOND,FIXED,TRADEABLE,,,prefsTEST.xlsx 2026-08-21
PFXNZ,PFX,,no,BABY_BOND,FIXED,TRADEABLE,,,prefsTEST.xlsx 2026-08-21
PLDGP,PLD,,no,PREFERRED,FIXED,TRADEABLE,,,prefsTEST.xlsx 2026-08-21
PMT-A,PMT,,no,PREFERRED,FIX_TO_FLOAT,TRADEABLE,,,prefsTEST.xlsx 2026-08-21
PMT-B,PMT,,no,PREFERRED,FIXED,TRADEABLE,,,prefsTEST.xlsx 2026-08-21
PMT-C,PMT,,no,PREFERRED,FIXED,TRADEABLE,,,prefsTEST.xlsx 2026-08-21
PMTU,PMT,,no,BABY_BOND,FIXED,TRADEABLE,,,prefsTEST.xlsx 2026-08-21
PNFPP,PNFP,,yes,PREFERRED,FIXED,EXCLUDED,NO_PRICE_FEED,seeded: no price on the EZE feed,prefsTEST.xlsx 2026-08-21
PNMXO,PNM,,yes,PREFERRED,FIXED,TRADEABLE,,,prefsTEST.xlsx 2026-08-21
POWWP,POWW,,no,PREFERRED,FIXED,TRADEABLE,,,prefsTEST.xlsx 2026-08-21
PPWLM,PARA,,yes,PREFERRED,FIXED,EXCLUDED,NO_PRICE_FEED,seeded: no price on the EZE feed,prefsTEST.xlsx 2026-08-21
PPWLO,PARA,,yes,PREFERRED,FIXED,EXCLUDED,NO_PRICE_FEED,seeded: no price on the EZE feed,prefsTEST.xlsx 2026-08-21
PRE-J,POWW,,yes,PREFERRED,FIXED,EXCLUDED,NO_PRICE_FEED,seeded: no price on the EZE feed,prefsTEST.xlsx 2026-08-21
PRETL,PRET,,no,PREFERRED,FIXED,EXCLUDED,NO_PRICE_FEED,seeded: no price on the EZE feed,prefsTEST.xlsx 2026-08-21
PRETM,PRET,,no,PREFERRED,FIXED,EXCLUDED,NO_PRICE_FEED,seeded: no price on the EZE feed,prefsTEST.xlsx 2026-08-21
PRETN,PRET,,no,PREFERRED,FIXED,EXCLUDED,NO_PRICE_FEED,seeded: no price on the EZE feed,prefsTEST.xlsx 2026-08-21
PRH,PRU,,no,BABY_BOND,FIXED,TRADEABLE,,,prefsTEST.xlsx 2026-08-21
PRIF-D,PRET,,yes,PREFERRED,FIXED,TRADEABLE,,,prefsTEST.xlsx 2026-08-21
PRIF-F,PRET,,yes,PREFERRED,FIXED,EXCLUDED,NO_PRICE_FEED,seeded: no price on the EZE feed,prefsTEST.xlsx 2026-08-21
PRIF-G,PRET,,yes,PREFERRED,FIXED,EXCLUDED,NO_PRICE_FEED,seeded: no price on the EZE feed,prefsTEST.xlsx 2026-08-21
PRIF-H,PRET,,yes,PREFERRED,FIXED,EXCLUDED,NO_PRICE_FEED,seeded: no price on the EZE feed,prefsTEST.xlsx 2026-08-21
PRIF-I,PRET,,yes,PREFERRED,FIXED,EXCLUDED,NO_PRICE_FEED,seeded: no price on the EZE feed,prefsTEST.xlsx 2026-08-21
PRIF-J,PRET,,yes,PREFERRED,FIXED,EXCLUDED,NO_PRICE_FEED,seeded: no price on the EZE feed,prefsTEST.xlsx 2026-08-21
PRIF-K,PRET,,yes,PREFERRED,FIXED,TRADEABLE,,,prefsTEST.xlsx 2026-08-21
PRIF-L,PRET,,yes,PREFERRED,FIXED,TRADEABLE,,,prefsTEST.xlsx 2026-08-21
PRS,PRU,,no,BABY_BOND,FIXED,TRADEABLE,,,prefsTEST.xlsx 2026-08-21
PSA-F,PSA,,no,PREFERRED,FIXED,TRADEABLE,,,prefsTEST.xlsx 2026-08-21
PSA-G,PSA,,no,PREFERRED,FIXED,TRADEABLE,,,prefsTEST.xlsx 2026-08-21
PSA-H,PSA,,no,PREFERRED,FIXED,TRADEABLE,,,prefsTEST.xlsx 2026-08-21
PSA-I,PSA,,no,PREFERRED,FIXED,TRADEABLE,,,prefsTEST.xlsx 2026-08-21
PSA-J,PSA,,no,PREFERRED,FIXED,TRADEABLE,,,prefsTEST.xlsx 2026-08-21
PSA-K,PSA,,no,PREFERRED,FIXED,TRADEABLE,,,prefsTEST.xlsx 2026-08-21
PSA-L,PSA,,no,PREFERRED,FIXED,TRADEABLE,,,prefsTEST.xlsx 2026-08-21
PSA-M,PSA,,no,PREFERRED,FIXED,TRADEABLE,,,prefsTEST.xlsx 2026-08-21
PSA-N,PSA,,no,PREFERRED,FIXED,TRADEABLE,,,prefsTEST.xlsx 2026-08-21
PSA-O,PSA,,no,PREFERRED,FIXED,TRADEABLE,,,prefsTEST.xlsx 2026-08-21
PSA-P,PSA,,no,PREFERRED,FIXED,TRADEABLE,,,prefsTEST.xlsx 2026-08-21
PSA-Q,PSA,,no,PREFERRED,FIXED,TRADEABLE,,,prefsTEST.xlsx 2026-08-21
PSA-R,PSA,,no,PREFERRED,FIXED,TRADEABLE,,,prefsTEST.xlsx 2026-08-21
PSA-S,PSA,,no,PREFERRED,FIXED,TRADEABLE,,,prefsTEST.xlsx 2026-08-21
PSBXP,PSB,,no,PREFERRED,FIXED,TRADEABLE,,,prefsTEST.xlsx 2026-08-21
PSBYP,PSB,,no,PREFERRED,FIXED,TRADEABLE,,,prefsTEST.xlsx 2026-08-21
PSBZP,PSB,,no,PREFERRED,FIXED,TRADEABLE,,,prefsTEST.xlsx 2026-08-21
PSEC-A,PSEC,,yes,PREFERRED,FIXED,TRADEABLE,,,prefsTEST.xlsx 2026-08-21
PW-A,PW,,yes,PREFERRED,FIXED,TRADEABLE,,,prefsTEST.xlsx 2026-08-21
PYT,GS,,no,PREFERRED,FLOATER,EXCLUDED,TRUE_FLOATER,,prefsTEST.xlsx 2026-08-21
QRTEP,QRTEA,,yes,PREFERRED,FIXED,EXCLUDED,NO_PRICE_FEED,seeded: no price on the EZE feed,prefsTEST.xlsx 2026-08-21
QVCC,QRTEA,,no,BABY_BOND,FIXED,EXCLUDED,NO_PRICE_FEED,seeded: no price on the EZE feed,prefsTEST.xlsx 2026-08-21
QVCD,QRTEA,,no,BABY_BOND,FIXED,EXCLUDED,NO_PRICE_FEED,seeded: no price on the EZE feed,prefsTEST.xlsx 2026-08-21
RBCP,RBC,,yes,PREFERRED,MAND_CONVERT,EXCLUDED,NO_PRICE_FEED,seeded: no price on the EZE feed,prefsTEST.xlsx 2026-08-21
RC-C,RC,,no,PREFERRED,CONVERTIBLE,TRADEABLE,,,prefsTEST.xlsx 2026-08-21
RC-E,RC,,no,PREFERRED,FIXED,TRADEABLE,,,prefsTEST.xlsx 2026-08-21
RCB,RC,,no,BABY_BOND,FIXED,EXCLUDED,NO_PRICE_FEED,seeded: no price on the EZE feed,prefsTEST.xlsx 2026-08-21
RCC,RC,,no,BABY_BOND,FIXED,EXCLUDED,NO_PRICE_FEED,seeded: no price on the EZE feed,prefsTEST.xlsx 2026-08-21
REGCO,REG,,no,PREFERRED,FIXED,TRADEABLE,,,prefsTEST.xlsx 2026-08-21
REGCP,REG,,no,PREFERRED,FIXED,TRADEABLE,,,prefsTEST.xlsx 2026-08-21
REXR-B,REXR,,yes,PREFERRED,FIXED,TRADEABLE,,,prefsTEST.xlsx 2026-08-21
REXR-C,REXR,,yes,PREFERRED,FIXED,TRADEABLE,,,prefsTEST.xlsx 2026-08-21
RF-B,RF,,yes,PREFERRED,FIX_TO_FLOAT,EXCLUDED,NO_PRICE_FEED,seeded: no price on the EZE feed,prefsTEST.xlsx 2026-08-21
RF-C,RF,,yes,PREFERRED,FIX_TO_FLOAT,TRADEABLE,,,prefsTEST.xlsx 2026-08-21
RF-E,RF,,yes,PREFERRED,FIXED,TRADEABLE,,,prefsTEST.xlsx 2026-08-21
RHE-A,RHE,,yes,PREFERRED,FIXED,EXCLUDED,NO_PRICE_FEED,seeded: no price on the EZE feed,prefsTEST.xlsx 2026-08-21
RILYG,RILY,,no,BABY_BOND,FIXED,TRADEABLE,,,prefsTEST.xlsx 2026-08-21
RILYK,RILY,,no,BABY_BOND,FIXED,EXCLUDED,NO_PRICE_FEED,seeded: no price on the EZE feed,prefsTEST.xlsx 2026-08-21
RILYL,RILY,,yes,PREFERRED,FIXED,TRADEABLE,,,prefsTEST.xlsx 2026-08-21
RILYM,RILY,,no,BABY_BOND,FIXED,EXCLUDED,NO_PRICE_FEED,seeded: no price on the EZE feed,prefsTEST.xlsx 2026-08-21
RILYN,RILY,,no,BABY_BOND,FIXED,TRADEABLE,,,prefsTEST.xlsx 2026-08-21
RILYO,RILY,,no,BABY_BOND,FIXED,EXCLUDED,NO_PRICE_FEED,seeded: no price on the EZE feed,prefsTEST.xlsx 2026-08-21
RILYP,RILY,,no,BABY_BOND,FIXED,TRADEABLE,,,prefsTEST.xlsx 2026-08-21
RILYT,RILY,,no,BABY_BOND,FIXED,TRADEABLE,,,prefsTEST.xlsx 2026-08-21
RILYZ,RILY,,no,BABY_BOND,FIXED,TRADEABLE,,,prefsTEST.xlsx 2026-08-21
RITM-A,RITM,,no,PREFERRED,FIX_TO_FLOAT,TRADEABLE,,,prefsTEST.xlsx 2026-08-21
RITM-B,RITM,,no,PREFERRED,FIX_TO_FLOAT,TRADEABLE,,,prefsTEST.xlsx 2026-08-21
RITM-C,RITM,,no,PREFERRED,FIX_TO_FLOAT,TRADEABLE,,,prefsTEST.xlsx 2026-08-21
RITM-D,RITM,,no,PREFERRED,RESET,TRADEABLE,,,prefsTEST.xlsx 2026-08-21
RIV-A,RIV,,yes,PREFERRED,FIXED,TRADEABLE,,,prefsTEST.xlsx 2026-08-21
RJF-B,RJF,,yes,PREFERRED,FIX_TO_FLOAT,EXCLUDED,NO_PRICE_FEED,seeded: no price on the EZE feed,prefsTEST.xlsx 2026-08-21
RLJ-A,RLJ,,no,PREFERRED,CONVERTIBLE,TRADEABLE,,,prefsTEST.xlsx 2026-08-21
RMPL-,RMPL-,,yes,PREFERRED,FIXED,EXCLUDED,NO_PRICE_FEED,seeded: no price on the EZE feed,prefsTEST.xlsx 2026-08-21
RNR-F,RNR,,yes,PREFERRED,FIXED,TRADEABLE,,,prefsTEST.xlsx 2026-08-21
RNR-G,RNR,,yes,PREFERRED,FIXED,TRADEABLE,,,prefsTEST.xlsx 2026-08-21
RPT-D,RPT,,no,PREFERRED,FIXED,EXCLUDED,NO_PRICE_FEED,seeded: no price on the EZE feed,prefsTEST.xlsx 2026-08-21
RWAYL,RWAY,,no,BABY_BOND,FIXED,TRADEABLE,,,prefsTEST.xlsx 2026-08-21
RWAYZ,RWAY,,no,BABY_BOND,FIXED,EXCLUDED,NO_PRICE_FEED,seeded: no price on the EZE feed,prefsTEST.xlsx 2026-08-21
RWT-A,RWT,,no,PREFERRED,RESET,TRADEABLE,,,prefsTEST.xlsx 2026-08-21
RZB,RGA,,no,BABY_BOND,FIXED,EXCLUDED,NO_PRICE_FEED,seeded: no price on the EZE feed,prefsTEST.xlsx 2026-08-21
RZC,RGA,,no,BABY_BOND,FIXED,TRADEABLE,,,prefsTEST.xlsx 2026-08-21
SACC,SACH,,no,BABY_BOND,FIXED,EXCLUDED,NO_PRICE_FEED,seeded: no price on the EZE feed,prefsTEST.xlsx 2026-08-21
SACH-A,SACH,,no,PREFERRED,FIXED,TRADEABLE,,,prefsTEST.xlsx 2026-08-21
SAJ,SAR,,no,BABY_BOND,FIXED,TRADEABLE,,,prefsTEST.xlsx 2026-08-21
SAT,SAR,,no,BABY_BOND,FIXED,TRADEABLE,,,prefsTEST.xlsx 2026-08-21
SAY,SAR,,no,BABY_BOND,FIXED,TRADEABLE,,,prefsTEST.xlsx 2026-08-21
SAZ,SAR,,no,BABY_BOND,FIXED,TRADEABLE,,,prefsTEST.xlsx 2026-08-21
SB-C,SB,,yes,PREFERRED,FIXED,TRADEABLE,,,prefsTEST.xlsx 2026-08-21
SB-D,SB,,yes,PREFERRED,FIXED,TRADEABLE,,,prefsTEST.xlsx 2026-08-21
SBBA,STNG,,no,BABY_BOND,FIXED,EXCLUDED,NO_PRICE_FEED,seeded: no price on the EZE feed,prefsTEST.xlsx 2026-08-21
SCCB,SACH,,no,BABY_BOND,FIXED,EXCLUDED,NO_PRICE_FEED,seeded: no price on the EZE feed,prefsTEST.xlsx 2026-08-21
SCCC,SACH,,no,BABY_BOND,FIXED,EXCLUDED,NO_PRICE_FEED,seeded: no price on the EZE feed,prefsTEST.xlsx 2026-08-21
SCCD,SACH,,no,PREFERRED,FIXED,TRADEABLE,,,prefsTEST.xlsx 2026-08-21
SCCE,SACH,,no,BABY_BOND,FIXED,TRADEABLE,,,prefsTEST.xlsx 2026-08-21
SCCF,SACH,,no,BABY_BOND,FIXED,TRADEABLE,,,prefsTEST.xlsx 2026-08-21
SCCG,SACH,,no,BABY_BOND,FIXED,TRADEABLE,,,prefsTEST.xlsx 2026-08-21
SCE-G,EIX,,yes,PREFERRED,FIXED,TRADEABLE,,,prefsTEST.xlsx 2026-08-21
SCE-H,EIX,,yes,TRUPS,FIXED,EXCLUDED,NO_PRICE_FEED,seeded: no price on the EZE feed,prefsTEST.xlsx 2026-08-21
SCE-J,EIX,,yes,TRUPS,FIXED,EXCLUDED,NO_PRICE_FEED,seeded: no price on the EZE feed,prefsTEST.xlsx 2026-08-21
SCE-K,EIX,,yes,TRUPS,FIXED,EXCLUDED,NO_PRICE_FEED,seeded: no price on the EZE feed,prefsTEST.xlsx 2026-08-21
SCE-L,EIX,,yes,TRUPS,FIXED,TRADEABLE,,,prefsTEST.xlsx 2026-08-21
SCHW-D,SCHW,,yes,PREFERRED,FIXED,TRADEABLE,,,prefsTEST.xlsx 2026-08-21
SCHW-J,SCHW,,yes,PREFERRED,FIXED,TRADEABLE,,,prefsTEST.xlsx 2026-08-21
SEAL-A,TGP,,yes,PREFERRED,FIXED,TRADEABLE,,,prefsTEST.xlsx 2026-08-21
SEAL-B,TGP,,yes,PREFERRED,FIX_TO_FLOAT,TRADEABLE,,,prefsTEST.xlsx 2026-08-21
SF-B,SF,,yes,PREFERRED,FIXED,TRADEABLE,,,prefsTEST.xlsx 2026-08-21
SF-C,SF,,yes,PREFERRED,FIXED,TRADEABLE,,,prefsTEST.xlsx 2026-08-21
SF-D,SF,,yes,PREFERRED,FIXED,TRADEABLE,,,prefsTEST.xlsx 2026-08-21
SFB,SF,,no,BABY_BOND,FIXED,TRADEABLE,,,prefsTEST.xlsx 2026-08-21
SHO-H,SHO,0.07,no,PREFERRED,FIXED,TRADEABLE,,,prefsTEST.xlsx 2026-08-21
SHO-I,SHO,0.07,no,PREFERRED,FIXED,TRADEABLE,,,prefsTEST.xlsx 2026-08-21
SICPL,SICP,,yes,PREFERRED,FIXED,EXCLUDED,NO_PRICE_FEED,seeded: no price on the EZE feed,prefsTEST.xlsx 2026-08-21
SIGIP,SIGI,,yes,PREFERRED,FIXED,TRADEABLE,,,prefsTEST.xlsx 2026-08-21
SITC-A,SITC,,no,PREFERRED,FIXED,EXCLUDED,NO_PRICE_FEED,seeded: no price on the EZE feed,prefsTEST.xlsx 2026-08-21
SLFIF,SLF,,no,PREFERRED,FIXED,EXCLUDED,NON_US,,prefsTEST.xlsx 2026-08-21
SLG-I,SLG,,no,PREFERRED,FIXED,TRADEABLE,,,prefsTEST.xlsx 2026-08-21
SLMNP,LYB,,yes,PREFERRED,FIXED,TRADEABLE,,,prefsTEST.xlsx 2026-08-21
SLNHP,SLNH,,no,PREFERRED,FIXED,TRADEABLE,,,prefsTEST.xlsx 2026-08-21
SNCRL,SNCR,,no,BABY_BOND,FIXED,EXCLUDED,NO_PRICE_FEED,seeded: no price on the EZE feed,prefsTEST.xlsx 2026-08-21
SNV-D,SNV,,yes,PREFERRED,FIX_TO_FLOAT,EXCLUDED,NO_PRICE_FEED,seeded: no price on the EZE feed,prefsTEST.xlsx 2026-08-21
SNV-E,SNV,,yes,PREFERRED,FIX_TO_FLOAT,EXCLUDED,NO_PRICE_FEED,seeded: no price on the EZE feed,prefsTEST.xlsx 2026-08-21
SOCGM,SRE,,yes,PREFERRED,FIXED,TRADEABLE,,,prefsTEST.xlsx 2026-08-21
SOCGP,SRE,,yes,PREFERRED,FIXED,TRADEABLE,,,prefsTEST.xlsx 2026-08-21
SOHOB,SOHO,,no,PREFERRED,FIXED,TRADEABLE,,,prefsTEST.xlsx 2026-08-21
SOHON,SOHO,,no,PREFERRED,FIXED,TRADEABLE,,,prefsTEST.xlsx 2026-08-21
SOHOO,SOHO,,no,PREFERRED,FIXED,TRADEABLE,,,prefsTEST.xlsx 2026-08-21
SOJC,SO,,no,BABY_BOND,FIXED,TRADEABLE,,,prefsTEST.xlsx 2026-08-21
SOJD,SO,,no,BABY_BOND,FIXED,TRADEABLE,,,prefsTEST.xlsx 2026-08-21
SOJE,SO,,no,BABY_BOND,FIXED,TRADEABLE,,,prefsTEST.xlsx 2026-08-21
SPE-C,SPE,,yes,PREFERRED,CONVERTIBLE,TRADEABLE,,,prefsTEST.xlsx 2026-08-21
SPG-J,SPG,,no,PREFERRED,FIXED,TRADEABLE,,,prefsTEST.xlsx 2026-08-21
SPLP-A,SPLP,,?,PREFERRED,FIXED,EXCLUDED,NO_PRICE_FEED,seeded: no price on the EZE feed,prefsTEST.xlsx 2026-08-21
SPNT-B,SPNT,,yes,PREFERRED,FIXED,EXCLUDED,NO_PRICE_FEED,seeded: no price on the EZE feed,prefsTEST.xlsx 2026-08-21
SQFTP,SQFT,,no,PREFERRED,FIXED,TRADEABLE,,,prefsTEST.xlsx 2026-08-21
SR-A,SR,,yes,PREFERRED,FIXED,EXCLUDED,NO_PRICE_FEED,seeded: no price on the EZE feed,prefsTEST.xlsx 2026-08-21
SRC-A,SRC,,no,PREFERRED,FIXED,EXCLUDED,NO_PRICE_FEED,seeded: no price on the EZE feed,prefsTEST.xlsx 2026-08-21
SRCU,SR,,no,PREFERRED,MAND_CONVERT,EXCLUDED,NO_PRICE_FEED,seeded: no price on the EZE feed,prefsTEST.xlsx 2026-08-21
SREA,SRE,,no,BABY_BOND,FIXED,TRADEABLE,,,prefsTEST.xlsx 2026-08-21
SRG-A,SRG,,no,PREFERRED,FIXED,TRADEABLE,,,prefsTEST.xlsx 2026-08-21
SSSSL,SSSS,,no,BABY_BOND,FIXED,EXCLUDED,NO_PRICE_FEED,seeded: no price on the EZE feed,prefsTEST.xlsx 2026-08-21
STRRP,STRR,,no,PREFERRED,FIXED,TRADEABLE,,,prefsTEST.xlsx 2026-08-21
STT-D,STT,,yes,PREFERRED,FIXED,EXCLUDED,NO_PRICE_FEED,seeded: no price on the EZE feed,prefsTEST.xlsx 2026-08-21
STT-G,STT,,yes,PREFERRED,FIXED,TRADEABLE,,,prefsTEST.xlsx 2026-08-21
SWKHL,SWKH,,no,BABY_BOND,FIXED,TRADEABLE,,,prefsTEST.xlsx 2026-08-21
SYF-A,SYF,,yes,PREFERRED,FIXED,TRADEABLE,,,prefsTEST.xlsx 2026-08-21
T-A,T,,yes,PREFERRED,FIXED,TRADEABLE,,,prefsTEST.xlsx 2026-08-21
T-C,T,,yes,PREFERRED,FIXED,TRADEABLE,,,prefsTEST.xlsx 2026-08-21
TBB,T,,no,BABY_BOND,FIXED,TRADEABLE,,,prefsTEST.xlsx 2026-08-21
TBC,T,,no,BABY_BOND,FIXED,EXCLUDED,NO_PRICE_FEED,seeded: no price on the EZE feed,prefsTEST.xlsx 2026-08-21
TCBIO,TCBI,,yes,PREFERRED,FIXED,TRADEABLE,,,prefsTEST.xlsx 2026-08-21
TDS-U,TDS,,yes,PREFERRED,FIXED,TRADEABLE,,,prefsTEST.xlsx 2026-08-21
TDS-V,TDS,,yes,PREFERRED,FIXED,TRADEABLE,,,prefsTEST.xlsx 2026-08-21
TECTP,TECTP,,yes,PREFERRED,FIX_TO_FLOAT,EXCLUDED,NO_PRICE_FEED,seeded: no price on the EZE feed,prefsTEST.xlsx 2026-08-21
TELZ,TELL,,no,BABY_BOND,FIXED,EXCLUDED,NO_PRICE_FEED,seeded: no price on the EZE feed,prefsTEST.xlsx 2026-08-21
TEMP10,GLPI,,no,BABY_BOND,FIXED,EXCLUDED,NO_PRICE_FEED,seeded: no price on the EZE feed,prefsTEST.xlsx 2026-08-21
TEMP11,GLPI,,no,BABY_BOND,FIXED,EXCLUDED,NO_PRICE_FEED,seeded: no price on the EZE feed,prefsTEST.xlsx 2026-08-21
TEMP53,SMLP,,yes,PREFERRED,FIXED,EXCLUDED,NO_PRICE_FEED,seeded: no price on the EZE feed,prefsTEST.xlsx 2026-08-21
TEUCF,TEUFF,,yes,PREFERRED,FIXED,EXCLUDED,NO_PRICE_FEED,seeded: no price on the EZE feed,prefsTEST.xlsx 2026-08-21
TFC-O,TFC,,yes,PREFERRED,FIXED,TRADEABLE,,,prefsTEST.xlsx 2026-08-21
TFC-R,TFC,,yes,PREFERRED,FIXED,TRADEABLE,,,prefsTEST.xlsx 2026-08-21
TFINP,TBK,,yes,PREFERRED,FIXED,EXCLUDED,NO_PRICE_FEED,seeded: no price on the EZE feed,prefsTEST.xlsx 2026-08-21
TFSA,TFSA,,no,BABY_BOND,FIXED,EXCLUDED,NO_PRICE_FEED,seeded: no price on the EZE feed,prefsTEST.xlsx 2026-08-21
TGH-B,TGH,,yes,PREFERRED,FIXED,EXCLUDED,NO_PRICE_FEED,seeded: no price on the EZE feed,prefsTEST.xlsx 2026-08-21
TNP-E,TNP,,yes,PREFERRED,FIX_TO_FLOAT,EXCLUDED,NO_PRICE_FEED,seeded: no price on the EZE feed,prefsTEST.xlsx 2026-08-21
TNP-F,TNP,,yes,PREFERRED,FIX_TO_FLOAT,EXCLUDED,NO_PRICE_FEED,seeded: no price on the EZE feed,prefsTEST.xlsx 2026-08-21
TPTA,TEUFF,,no,BABY_BOND,FIXED,EXCLUDED,NO_PRICE_FEED,seeded: no price on the EZE feed,prefsTEST.xlsx 2026-08-21
TRINL,TRIN,,no,BABY_BOND,FIXED,EXCLUDED,NO_PRICE_FEED,seeded: no price on the EZE feed,prefsTEST.xlsx 2026-08-21
TRTN-A,TRTN,,yes,PREFERRED,FIXED,TRADEABLE,,,prefsTEST.xlsx 2026-08-21
TRTN-B,TRTN,,yes,PREFERRED,FIXED,TRADEABLE,,,prefsTEST.xlsx 2026-08-21
TRTN-C,TRTN,,yes,PREFERRED,FIXED,TRADEABLE,,,prefsTEST.xlsx 2026-08-21
TRTN-D,TRTN,,yes,PREFERRED,FIXED,TRADEABLE,,,prefsTEST.xlsx 2026-08-21
TRTN-E,TRTN,,yes,PREFERRED,FIXED,TRADEABLE,,,prefsTEST.xlsx 2026-08-21
TRTX-C,TRTX,,no,PREFERRED,FIXED,TRADEABLE,,,prefsTEST.xlsx 2026-08-21
TWO-A,TWO,,no,PREFERRED,FIX_TO_FLOAT,TRADEABLE,,,prefsTEST.xlsx 2026-08-21
TWO-B,TWO,,no,PREFERRED,FIX_TO_FLOAT,TRADEABLE,,,prefsTEST.xlsx 2026-08-21
TWO-C,TWO,,no,PREFERRED,FIX_TO_FLOAT,TRADEABLE,,,prefsTEST.xlsx 2026-08-21
TY-,TY,,yes,PREFERRED,FIXED,TRADEABLE,,,prefsTEST.xlsx 2026-08-21
UCBIO,UCBI,,yes,PREFERRED,FIXED,EXCLUDED,NO_PRICE_FEED,seeded: no price on the EZE feed,prefsTEST.xlsx 2026-08-21
UELMO,AEE,,yes,PREFERRED,FIXED,TRADEABLE,,,prefsTEST.xlsx 2026-08-21
UEPCN,AEE,,yes,PREFERRED,FIXED,TRADEABLE,,,prefsTEST.xlsx 2026-08-21
UEPCO,AEE,,yes,PREFERRED,FIXED,TRADEABLE,,,prefsTEST.xlsx 2026-08-21
UEPCP,AEE,,yes,PREFERRED,FIXED,TRADEABLE,,,prefsTEST.xlsx 2026-08-21
UEPEM,AEE,,yes,PREFERRED,FIXED,TRADEABLE,,,prefsTEST.xlsx 2026-08-21
UEPEN,AEE,,yes,PREFERRED,FIXED,TRADEABLE,,,prefsTEST.xlsx 2026-08-21
UEPEO,AEE,,yes,PREFERRED,FIXED,TRADEABLE,,,prefsTEST.xlsx 2026-08-21
UEPEP,AEE,,yes,PREFERRED,FIXED,TRADEABLE,,,prefsTEST.xlsx 2026-08-21
UGIC,UGI,,yes,PREFERRED,MAND_CONVERT,EXCLUDED,NO_PRICE_FEED,seeded: no price on the EZE feed,prefsTEST.xlsx 2026-08-21
UMH-D,UMH,,no,PREFERRED,FIXED,TRADEABLE,,,prefsTEST.xlsx 2026-08-21
UNMA,UNM,,no,BABY_BOND,FIXED,TRADEABLE,,,prefsTEST.xlsx 2026-08-21
USB-A,USB,,yes,PREFERRED,FIXED,TRADEABLE,,,prefsTEST.xlsx 2026-08-21
USB-H,USB,,yes,PREFERRED,FLOATER,EXCLUDED,TRUE_FLOATER,,prefsTEST.xlsx 2026-08-21
USB-P,USB,,yes,PREFERRED,FIXED,TRADEABLE,,,prefsTEST.xlsx 2026-08-21
USB-Q,USB,,yes,PREFERRED,FIXED,TRADEABLE,,,prefsTEST.xlsx 2026-08-21
USB-R,USB,,yes,PREFERRED,FIXED,TRADEABLE,,,prefsTEST.xlsx 2026-08-21
USB-S,USB,,yes,PREFERRED,FIXED,TRADEABLE,,,prefsTEST.xlsx 2026-08-21
UZD,USM,,no,BABY_BOND,FIXED,TRADEABLE,,,prefsTEST.xlsx 2026-08-21
UZE,USM,,no,BABY_BOND,FIXED,TRADEABLE,,,prefsTEST.xlsx 2026-08-21
UZF,USM,,no,BABY_BOND,FIXED,TRADEABLE,,,prefsTEST.xlsx 2026-08-21
VIASP,VIA,,yes,PREFERRED,FIX_TO_FLOAT,EXCLUDED,NO_PRICE_FEED,seeded: no price on the EZE feed,prefsTEST.xlsx 2026-08-21
VLYPO,VLY,,yes,PREFERRED,FIXED,TRADEABLE,,,prefsTEST.xlsx 2026-08-21
VLYPP,VLY,,yes,PREFERRED,FIXED,TRADEABLE,,,prefsTEST.xlsx 2026-08-21
VNO-L,VNO,,no,PREFERRED,FIXED,TRADEABLE,,,prefsTEST.xlsx 2026-08-21
VNO-M,VNO,,no,PREFERRED,FIXED,TRADEABLE,,,prefsTEST.xlsx 2026-08-21
VNO-N,VNO,,no,PREFERRED,FIXED,TRADEABLE,,,prefsTEST.xlsx 2026-08-21
VNO-O,VNO,,no,PREFERRED,FIXED,TRADEABLE,,,prefsTEST.xlsx 2026-08-21
VNORP,VNO,,no,PREFERRED,FIXED,TRADEABLE,,,prefsTEST.xlsx 2026-08-21
VOYA-B,VOYA,,yes,PREFERRED,FIXED,TRADEABLE,,,prefsTEST.xlsx 2026-08-21
WAFDP,WAFD,,yes,PREFERRED,FIXED,TRADEABLE,,,prefsTEST.xlsx 2026-08-21
WAL-A,WAL,,yes,PREFERRED,RESET,TRADEABLE,,,prefsTEST.xlsx 2026-08-21
WBS-F,WBS,,yes,PREFERRED,FIXED,EXCLUDED,NO_PRICE_FEED,seeded: no price on the EZE feed,prefsTEST.xlsx 2026-08-21
WBS-G,WBS,,yes,PREFERRED,FIXED,EXCLUDED,NO_PRICE_FEED,seeded: no price on the EZE feed,prefsTEST.xlsx 2026-08-21
WCC-A,WCC,,yes,PREFERRED,FIXED,EXCLUDED,NO_PRICE_FEED,seeded: no price on the EZE feed,prefsTEST.xlsx 2026-08-21
WELPM,WEC,,yes,PREFERRED,FIXED,TRADEABLE,,,prefsTEST.xlsx 2026-08-21
WELPP,WEC,,yes,PREFERRED,FIXED,TRADEABLE,,,prefsTEST.xlsx 2026-08-21
WFC-A,WFC,,yes,PREFERRED,FIXED,TRADEABLE,,,prefsTEST.xlsx 2026-08-21
WFC-C,WFC,,yes,PREFERRED,FIXED,TRADEABLE,,,prefsTEST.xlsx 2026-08-21
WFC-D,WFC,,yes,PREFERRED,FIXED,TRADEABLE,,,prefsTEST.xlsx 2026-08-21
WFC-L,WFC,,yes,PREFERRED,FIXED,TRADEABLE,,,prefsTEST.xlsx 2026-08-21
WFC-R,WFC,,yes,PREFERRED,FIX_TO_FLOAT,EXCLUDED,NO_PRICE_FEED,seeded: no price on the EZE feed,prefsTEST.xlsx 2026-08-21
WFC-Y,WFC,,yes,PREFERRED,FIXED,TRADEABLE,,,prefsTEST.xlsx 2026-08-21
WFC-Z,WFC,,yes,PREFERRED,FIXED,TRADEABLE,,,prefsTEST.xlsx 2026-08-21
WHFCL,WHF,,no,BABY_BOND,FIXED,TRADEABLE,,,prefsTEST.xlsx 2026-08-21
WHLRD,WHLR,,no,PREFERRED,CONVERTIBLE,TRADEABLE,,,prefsTEST.xlsx 2026-08-21
WHLRL,WHLR,,no,BABY_BOND,CONVERTIBLE,TRADEABLE,,,prefsTEST.xlsx 2026-08-21
WHLRP,WHLR,,no,PREFERRED,CONVERTIBLE,TRADEABLE,,,prefsTEST.xlsx 2026-08-21
WRB-E,WRB,,no,BABY_BOND,FIXED,TRADEABLE,,,prefsTEST.xlsx 2026-08-21
WRB-F,WRB,,no,BABY_BOND,FIXED,TRADEABLE,,,prefsTEST.xlsx 2026-08-21
WRB-G,WRB,,no,BABY_BOND,FIXED,TRADEABLE,,,prefsTEST.xlsx 2026-08-21
WRB-H,WRB,,no,BABY_BOND,FIXED,TRADEABLE,,,prefsTEST.xlsx 2026-08-21
WTFCM,WTFC,,yes,PREFERRED,FIXED,EXCLUDED,NO_PRICE_FEED,seeded: no price on the EZE feed,prefsTEST.xlsx 2026-08-21
WTFCP,WTFC,,yes,PREFERRED,RESET,EXCLUDED,NO_PRICE_FEED,seeded: no price on the EZE feed,prefsTEST.xlsx 2026-08-21
WVVIP,WVVI,,no,PREFERRED,FIXED,TRADEABLE,,,prefsTEST.xlsx 2026-08-21
XELAP,XELA,,no,PREFERRED,CONVERTIBLE,TRADEABLE,,,prefsTEST.xlsx 2026-08-21
XFLT-A,XFLT,,yes,PREFERRED,FIXED,EXCLUDED,NO_PRICE_FEED,seeded: no price on the EZE feed,prefsTEST.xlsx 2026-08-21
XOMAO,XOMA,,yes,PREFERRED,FIXED,EXCLUDED,NO_PRICE_FEED,seeded: no price on the EZE feed,prefsTEST.xlsx 2026-08-21
XOMAP,XOMA,,yes,PREFERRED,FIXED,EXCLUDED,NO_PRICE_FEED,seeded: no price on the EZE feed,prefsTEST.xlsx 2026-08-21
YCBD-A,YCBD,,yes,PREFERRED,CONVERTIBLE,EXCLUDED,NO_PRICE_FEED,seeded: no price on the EZE feed,prefsTEST.xlsx 2026-08-21
YGYIP,YGYI,,yes,PREFERRED,FIXED,EXCLUDED,NO_PRICE_FEED,seeded: no price on the EZE feed,prefsTEST.xlsx 2026-08-21
ZIONL,ZION,,no,BABY_BOND,FIXED,EXCLUDED,NO_PRICE_FEED,seeded: no price on the EZE feed,prefsTEST.xlsx 2026-08-21
ZIONO,ZION,,yes,PREFERRED,FIX_TO_FLOAT,EXCLUDED,NO_PRICE_FEED,seeded: no price on the EZE feed,prefsTEST.xlsx 2026-08-21
ZIONP,ZION,,yes,PREFERRED,FLOATER,EXCLUDED,TRUE_FLOATER,,prefsTEST.xlsx 2026-08-21
