parent_ticker,parent_name,issues,issues_with_price,cached_mktcap_mm,symbol_suspect
AAIC,na,1,0,,
ABR,ARBOR REALTY TRUST INC,3,3,966,
ACGL,ARCH CAP GROUP LTD,2,2,33900,
ACP,ABRDN INCOME CREDIT STRATEGIES,1,1,637,
ACR,ACRES COMMERCIAL REALTY CORP COM NEW,2,2,104,
ADC,AGREE RLTY CORP,1,1,9300,
AEE,AMEREN CORP,18,18,30100,
AEG,AEGON LTD AMER REG 1 CERT,1,1,14200,
AEL,na,1,0,,
AES,AES CORP,1,0,10500,
AFG,AMERICAN FINANCIAL GROUP INC,12,12,11900,
AGM,FEDERAL AGRIC MTG CORP CL C,5,4,2100,
AGNC,AGNC INVT CORP,5,5,12900,
AGR,na,1,1,,YES
AHH,na,1,0,,
AHT,ASHFORD HOSPITALITY TR INC COM NEW,5,5,21,
AIG,AMERICAN INTL GROUP INC COM NEW,1,0,39600,
AIRT,AIR T INC,1,1,78,
AIZ,ASSURANT INC,1,1,13900,
AJX,na,1,0,,
AL,na,1,0,,
ALL,ALLSTATE CORP,4,4,64400,
ALTG,ALTA EQUIPMENT GROUP INC COMMON STOCK,1,1,209,
AMG,AFFILIATED MANAGERS GROUP,3,3,9100,
AMH,AMERICAN HOMES 4 RENT CL A,2,2,12300,
AON,AON PLC SHS CL A,1,1,74700,
APO,APOLLO GLOBAL MGMT INC,10,7,76800,
AQN,ALGONQUIN PWR UTILS CORP,3,1,6200,
ARBK,ARGO BLOCKCHAIN PLC SPONSORED ADS,1,0,43,
ARGO,na,1,0,,
ARR,ARMOUR RESIDENTIAL REIT INC COM SHS,1,1,2300,
ASB,ASSOCIATED BANC-CORP,3,3,5800,
ATCO,na,4,0,,
ATLC,ATLANTICUS HOLDINGS CORP,2,2,1400,
AUB,ATLANTIC UN BANKSHARES CORP,1,1,5900,
AULT,na,1,0,,
AUVI,APPLIED UV INC COM NEW,1,1,,YES
AXS,AXIS CAP HLDGS LTD,1,1,7200,
BAC,BANK OF AMER CORP,17,17,432600,
BANF,BANCFIRST CORP,1,1,3800,
BC,BRUNSWICK CORP,3,1,5300,
BCV,BANCROFT FD LTD,1,1,144,
BEP,BROOKFIELD RENEWABLE ENERGY PARTNERSHIP UNIT,3,3,9900,
BFS,SAUL CTRS INC,2,2,840,
BHF,BRIGHTHOUSE FINL INC,5,5,3100,
BHR,BRAEMAR HOTELS & RESORTS INC,2,2,139,
BIP,BROOKFIELD INFRASTRUCTURE PART LP INT UNIT,4,4,18000,
BMY,BRISTOL-MYERS SQUIBB CO,1,0,133700,
BN,BROOKFIELD CORP CL A LTD VT SH,7,6,127400,
BOH,BANK HAWAII CORP,1,1,3100,
BPOP,POPULAR INC COM NEW,2,2,10700,
BPY,na,4,4,,YES
BW,BABCOCK & WILCOX ENTERPRISES,3,1,1300,
BWB,BRIDGEWATER BANCSHARES INC,1,1,600,
C,CITIGROUP INC COM NEW,3,1,217500,
CADE,na,2,1,,YES
CCLD,CARECLOUD INC,2,0,111,
CCNE,CNB FINL CORP PA,1,1,1000,
CDR,na,2,2,,YES
CDZI,CADIZ INC COM NEW,1,1,300,
CEQP,na,1,0,,
CETX,CEMTREX INC,1,1,4,
CFG,CITIZENS FINL GROUP INC,2,1,29400,
CFR,CULLEN FROST BANKERS INC,1,1,10200,
CG,CARLYLE GROUP INC,1,1,17100,
CHMI,CHERRY HILL MTG INVT CORP,2,2,108,
CHRA,na,6,6,,YES
CIM,CHIMERA INVT CORP COM SHS,4,4,969,
CIO,na,1,0,,
CLDT,CHATHAM LODGING TR,1,1,623,
CLVT,CLARIVATE PLC ORD SHS,1,0,1300,
CMRE,COSTAMARE INC,4,3,1800,
CMS,CMS ENERGY CORP,5,5,21900,
CNFR,na,2,0,,
CNO,CNO FINL GROUP INC,2,1,4900,
CODI,COMPASS DIVERSIFIED SH BEN INT,3,3,869,
COF,CAPITAL ONE FINL CORP,5,5,130400,
COMS,COMSOVEREIGN HLDG CORP COM NEW,1,1,,YES
CORR,na,1,0,,
CSR,CENTERSPACE,1,0,909,
CSSE,na,2,0,,
CSWC,CAPITAL SOUTHWEST CORP,1,0,1600,
CTLP,na,1,0,,
CTO,CTO RLTY GROWTH INC NEW,1,1,823,
CTVA,CORTEVA INC,2,2,53000,
CUBI,CUSTOMERS BANCORP INC,3,1,2700,
CYCC,na,1,0,,
D,DOMINION ENERGY INC,1,1,59300,
DBRG,DIGITALBRIDGE GROUP INC CL A NEW,3,3,3000,
DCOM,DIME COML BANCSHARES INC,1,0,1800,
DCP,na,1,0,,
DDS,DILLARDS INC CL A,1,1,7000,
DHC,DIVERSIFIED HEALTHCARE TR COM SH BEN INT,2,2,2000,
DLNG,DYNAGAS LNG PARTNERS LP COM UNIT LTD PT,2,1,139,
DLR,DIGITAL RLTY TR INC,3,3,71900,
DRH,DIAMONDROCK HOSPITALITY CO,1,0,2600,
DSHK,na,3,0,,
DSX,DIANA SHIPPING INC,1,1,329,
DTE,DTE ENERGY CO,3,3,28700,
DUK,DUKE ENERGY CORP NEW COM NEW,2,2,95700,
DX,DYNEX CAP INC,1,1,3300,
ECC,EAGLE POINT CR CO,5,3,502,
ECF,ELLSWORTH GROWTH & INCOME FD,1,1,171,
EFC,ELLINGTON FINANCIAL INC,3,2,1800,
EFSC,ENTERPRISE FINL SVCS CORP,1,1,2300,
EIC,EAGLE POINT INCOME COMPANY INC,2,1,230,
EIX,EDISON INTL,5,2,28700,
EPR,EPR PPTYS COM SH BEN INT,3,3,4700,
EQC,na,1,0,,
EQH,EQUITABLE HLDGS INC,2,2,13300,
ES,EVERSOURCE ENERGY,15,15,27200,
ESGR,na,2,0,,
ET,ENERGY TRANSFER L P COM UT LTD PTN,3,0,73000,
ETR,ENTERGY CORP NEW,6,6,50100,
EXC,EXELON CORP,1,1,46500,
F,FORD MTR CO,3,3,54800,
FAT,na,1,0,,
FBGI,FOODBASE GROUP INC,1,1,,YES
FBIO,FORTRESS BIOTECH INC COM NEW,1,1,92,
FBRT,FRANKLIN BSP RLTY TR INC COMMON STOCK,1,1,670,
FCNCA,FIRST CTZNS BANCSHARES INC DEL CL A,2,2,22100,
FGF,na,1,0,,
FHN,FIRST HORIZON CORPORATION,2,2,11700,
FITB,FIFTH THIRD BANCORP,1,1,49400,
FMCC,FEDERAL HOME LN MTG CORP,17,17,3700,
FNB,F N B CORP,1,0,6500,
FNMA,FEDERAL NATL MTG ASSN,11,11,7200,
FOSL,FOSSIL GROUP INC,1,0,329,
FRME,FIRST MERCHANTS CORP,1,1,2600,
FRT,FEDERAL RLTY INVT TR NEW SH BEN INT NEW,1,1,10200,
FTAI,FTAI AVIATION LTD,4,1,20300,
FULT,FULTON FINL CORP PA,1,1,4500,
GAB,GABELLI EQUITY TR INC,3,3,1700,
GAIN,GLADSTONE INVT CORP,3,1,651,
GAM,GENERAL AMERN INVS CO INC,1,1,1600,
GDL,GDL FD COM SH BEN IT,1,0,92,
GDV,GABELLI DIVID & INCOME TR,2,2,2600,
GEG,GREAT ELM GROUP INC COM NEW,1,1,67,
GGN,GAMCO GLOBAL GOLD NAT RES & COM SH BEN INT,1,1,873,
GGT,GABELLI MULTIMEDIA TR INC,2,2,203,
GL,GLOBE LIFE INC,1,1,13100,
GLAD,GLADSTONE CAP CORP COM NEW,1,0,445,
GLOG,na,1,0,,
GLOP,na,3,3,,YES
GLPI,GAMING & LEISURE P,2,0,12700,
GMBL,ESPORTS ENTMT GROUP INC,1,1,,YES
GMLP,na,1,1,,YES
GMRE,na,1,0,,
GNL,GLOBAL NET LEASE INC COM NEW,4,4,2100,
GNT,GAMCO NAT RES GOLD & INCOME TR SH BEN INT,1,1,150,
GOOD,GLADSTONE COMMERCIAL CORP,2,2,628,
GPMT,GRANITE PT MTG TR INC COM STK,1,1,53,
GRBK,GREEN BRICK PARTNERS INC,1,1,3000,
GREE,na,1,1,,YES
GS,GOLDMAN SACHS GROUP INC,7,6,291700,
GSL,GLOBAL SHIP LEASE INC COM CL A,1,1,1600,
GTLS,na,1,0,,
GUT,GABELLI UTIL TR,1,1,578,
HBAN,HUNTINGTON BANCSHARES INC,3,3,34400,
HCDI,na,1,0,,
HE,HAWAIIAN ELEC INDS INC MTN BE,7,0,2000,
HFRO,HIGHLAND OPPS & INCOME FD HIGHLAND INCOME,1,1,396,
HIG,HARTFORD INSURANCE GROUP INC,1,1,37100,
HL,HECLA MINING COMPANY,2,1,14000,
HMLP,na,1,1,,YES
HNNA,HENNESSY ADVISORS INC,1,0,78,
HOV,HOVNANIAN ENTERPRISES INC CL A NEW,1,1,599,
HPP,HUDSON PACIFIC PROPERTIES INC,1,1,804,
HROW,HARROW INC,2,0,1600,
HRZN,HORIZON TECHNOLOGY FIN CORP,2,1,329,
HT,na,3,0,,
HTGC,HERCULES CAPITAL INC,1,1,3200,
HTIA,na,2,0,,
HWC,HANCOCK WHITNEY CORPORATION,1,1,6100,
HWM,HOWMET AEROSPACE INC,2,1,109100,
IIPR,INNOVATIVE INDL PPTYS INC,1,1,1600,
IMPP,IMPERIAL PETE INC COM NEW,1,1,227,
INBK,FIRST INTERNET BANCORP,1,1,249,
INN,SUMMIT HOTEL PPTYS,2,2,664,
IP,INTERNATIONAL PAPER CO,1,1,21400,
IVR,INVESCO MORTGAGE CAPITAL INC,2,1,812,
JPM,JPMORGAN CHASE & CO,6,6,934500,
JXN,JACKSON FINANCIAL INC COM CL A,1,1,8700,
KEY,KEYCORP,4,4,23300,
KIM,KIMCO REALTY CORP,2,2,16200,
KKR,KKR & CO INC,1,1,96100,
KMI,KINDER MORGAN INC DEL,1,1,70400,
KMPR,KEMPER CORP,1,1,1600,
KREF,KKR REAL ESTATE FIN TR INC,1,1,438,
LAND,GLADSTONE LD CORP,3,2,374,
LFMD,LIFEMD INC,1,1,158,
LFT,LUMENT FINANCE TRUST INC,1,1,32,
LNC,LINCOLN NATL CORP IND,6,1,8000,
LUMN,LUMEN TECHNOLOGIES INC,2,0,6200,
LXP,LXP INDUSTRIAL TRUST,1,1,3600,
LYB,LYONDELLBASELL INDUSTRIES NV SHS - A -,1,1,22000,
MAA,MID-AMER APT CMNTYS INC,1,1,15300,
MBIN,MERCHANTS BANCORP IND,4,2,2500,
MDRR,MEDALIST DIVERSIFIED INC,1,0,18,
MET,METLIFE INC,3,3,59400,
METC,RAMACO RES INC COM CL A,1,0,578,
MFA,MFA FINL INC,2,2,903,
MFC,MANULIFE FINL CORP NON CUM PFD 5,2,2,97300,
MFIN,MEDALLION FINANCIAL CORP,1,0,262,
MHLD,na,2,2,,YES
MIND,MIND TECHNOLOGY INC COM NEW,1,0,42,
MITT,TPG MTG INVTS TR INC COM NEW,3,3,213,
MNSB,MAINSTREET BANCSHARES INC,1,1,179,
MS,MORGAN STANLEY COM NEW,7,7,325800,
MSA,MSA SAFETY INC,1,1,7300,
MSBI,MIDLAND STATES BANCORP INC,1,1,675,
MTB,M & T BK CORP,1,1,34400,
NCV,VIRTUS CONVERTIBLE & INCOME FD COM NEW,1,1,374,
NCZ,VIRTUS CONVERTIBLE & INC FD II COM NEW,1,1,293,
NEE,NEXTERA ENERGY INC,1,1,177400,
NEWT,NEWTEKONE INC COM NEW,3,1,361,
NFE,NEW FORTRESS ENERGY INC COM CL A,1,1,85,
NGG,NATIONAL GRID PLC SPONSORED ADR NE,5,3,81100,
NGL,NGL ENERGY PARTNERS LP COM UNIT REPST,2,2,2100,
NI,NISOURCE INC,2,0,20000,
NLY,ANNALY CAPITAL MANAGEMENT INC COM NEW,3,3,17600,
NM,na,2,0,,
NREF,NEXPOINT REAL ESTATE FIN INC,1,1,325,
NRUC,NATIONAL RURAL UTILS COOP FIN 5.5% SUB NT 64,1,1,213,
NS,na,4,0,,
NSA,na,1,0,,
NTRS,NORTHERN TR CORP,1,1,33400,
NXDT,NEXPOINT DIVERSIFIED REL ET TR COM NEW,1,1,300,
NYCB,na,2,0,,
NYMT,na,4,0,,
OCCI,OFS CREDIT COMPANY INC,2,1,75,
OCFC,OCEANFIRST FINL CORP,1,0,1800,
OFS,OFS CAP CORP,1,1,47,
ONB,OLD NATL BANCORP IND,2,2,9900,
OPI,OFFICE PPTYS INCOME TR COM OF BENEFICIA,1,0,396,
OPP,RIVERNORTH DOUBLELINE STRATE,2,2,178,
OSXQ,na,3,1,,YES
OTRK,na,1,0,,
OXLC,OXFORD LANE CAP CORP,6,5,903,
OZK,BANK OZK LITTLE ROCK ARK,1,1,5700,
PACW,na,1,0,,
PARA,BANZAI INTERNATIONAL INC COM CL A,3,0,4,
PBI,PITNEY BOWES INC,1,1,2200,
PCG,PG&E CORP,8,8,39600,
PEB,PEBBLEBROOK HOTEL TR,4,4,2100,
PFX,PHENIXFIN CORP,1,1,96,
PLD,PROLOGIS INC.,1,1,133400,
PMT,PENNYMAC MTG INVT TR,4,4,818,
PNFP,PINNACLE FINL PARTNERS INC,1,0,15400,
PNM,na,1,1,,YES
POWW,OUTDOOR HOLDING CO,2,1,262,
PRET,na,11,3,,YES
PRU,PRUDENTIAL FINL INC,3,3,41600,
PSA,PUBLIC STORAGE,14,14,60200,
PSB,na,3,3,,YES
PSEC,PROSPECT CAP CORP,1,1,1100,
PW,POWER REIT COM NEW,1,1,2,
QRTEA,na,3,0,,
RBC,RBC BEARINGS INC,1,0,16000,
RC,READY CAPITAL CORP,4,2,313,
REG,REGENCY CTRS CORP,2,2,14000,
REXR,REXFORD INDL RLTY INC,2,2,8300,
RF,REGIONS FINANCIAL CORP NEW,3,2,25700,
RGA,REINSURANCE GROUP AMER INC COM NEW,2,1,15800,
RHE,na,1,0,,
RILY,BRC GROUP HOLDINGS INC,9,6,278,
RITM,RITHM CAPITAL CORP COM NEW,4,4,5700,
RIV,RIVERNORTH OPPORTUNITIES FD IN,1,1,235,
RJF,RAYMOND JAMES FINL INC,1,0,33200,
RLJ,RLJ LODGING TR,1,1,1700,
RMPL-,na,1,0,,
RNR,RENAISSANCERE HLDGS LTD,2,2,13400,
RPT,RITHM PPTY TR INC COM NEW SHS,1,0,102,
RWAY,RUNWAY GROWTH FINANCE CORP,2,1,276,
RWT,REDWOOD TRUST INC,1,1,596,
SACH,SACHEM CAP CORP,8,5,37,
SAR,SARATOGA INVT CORP COM NEW,4,4,301,
SB,SAFE BULKERS INC,2,2,843,
SCHW,CHARLES SCHWAB CORP (THE),2,2,189900,
SF,STIFEL FINL CORP,4,4,12100,
SHO,SUNSTONE HOTEL INVS INC NEW,2,2,2100,
SICP,SILVERGATE CAP CORP CL A,1,0,22,
SIGI,SELECTIVE INS GROUP INC,1,1,5400,
SITC,SITE CTRS CORP,1,0,158,
SLF,SUN LIFE FINL INC,1,1,60100,
SLG,SL GREEN RLTY CORP,1,1,4100,
SLM,SLM CORP,1,1,4900,
SLNH,SOLUNA HOLDINGS INC COM NEW,1,1,291,
SMLP,na,1,0,,
SNCR,na,1,0,,
SNV,na,2,0,,
SO,SOUTHERN CO,4,4,105200,
SOHO,na,3,3,,YES
SPE,SPECIAL OPPORTUNITIES FD INC,1,1,141,
SPG,SIMON PPTY GROUP INC NEW,1,1,71100,
SPLP,na,1,0,,
SPNT,SIRIUSPOINT LTD,1,0,2700,
SQFT,PRESIDIO PPTY TR INC COM CL A NEW,1,1,2,
SR,SPIRE INC,2,0,4900,
SRC,na,1,0,,
SRE,SEMPRA,3,3,57100,
SRG,SERITAGE GROWTH PPTYS CL A,1,1,118,
SSSS,na,1,0,,
STNG,SCORPIO TANKERS INC,1,0,3900,
STRR,STAR EQUITY HOLDINGS INC COM NEW,1,1,36,
STT,STATE STR CORP,2,1,50300,
SWKH,na,1,1,,YES
SYF,SYNCHRONY FINANCIAL,1,1,25000,
T,AT&T INC,5,4,172300,
TBK,na,1,0,,
TCBI,TEXAS CAP BANCSHARES INC,1,1,4300,
TDS,TELEPHONE & DATA SYS INC COM NEW,2,2,3700,
TECTP,na,1,0,,
TELL,na,1,0,,
TEUFF,BOX SHIPS INC SHS NEW,2,0,,
TFC,TRUIST FINL CORP,2,2,61400,
TFSA,na,1,0,,
TGH,na,1,0,,
TGP,na,2,2,,YES
TNP,na,2,0,,
TRIN,TRINITY CAP INC,1,0,1700,
TRTN,na,5,5,,YES
TRTX,TPG RE FIN TR INC,1,1,603,
TWO,TWO HARBORS INVENTMENT CORPOR,3,3,1300,
TY,TRI CONTL CORP,1,1,1900,
UCBI,na,1,0,,
UGI,UGI CORP NEW,1,0,8100,
UMH,UMH PPTYS INC,1,1,1400,
UNM,UNUM GROUP,1,1,13800,
USB,US BANCORP COM NEW,6,6,96300,
USM,na,4,4,,YES
VIA,VIA TRANSN INC COM CL A,1,0,2100,
VLY,VALLEY NATL BANCORP,2,2,7800,
VNO,VORNADO RLTY TR SH BEN INT,5,5,7200,
VOYA,VOYA FINANCIAL INC,1,1,8800,
WAFD,WAFD INC,1,1,2700,
WAL,WESTERN ALLIANCE BANCORP,1,1,8600,
WBS,WEBSTER FINL CORP,2,0,12600,
WCC,WESCO INTL INC,1,0,16500,
WEC,WEC ENERGY GROUP INC,2,2,35400,
WFC,WELLS FARGO & CO,7,6,253100,
WHF,WHITEHORSE FIN INC,1,1,150,
WHLR,WHEELER REAL ESTATE INVT TR IN,3,3,,YES
WMT,WALMART INC,1,1,826400,
WRB,BERKLEY W R CORP,4,4,25700,
WTFC,WINTRUST FINL CORP,2,0,10300,
WVVI,WILLAMETTE VALLEY VINEYARDS,1,1,11,
XELA,EXELA TECHNOLOGIES INC,1,1,,YES
XFLT,XAI FLOATING RATE & ALTER INCO COM SHS BENF IN,1,0,295,
XOMA,na,2,0,,
YCBD,CBDMD INC COM SHS,1,0,5,
YGYI,na,1,0,,
ZION,ZIONS BANCORPORATION NATL ASSN,3,1,9900,
